"V1","V2","V3"
2.97136310964106,2.97170243878714,-0.00413203091673893
2.99343285633543,2.98937618275315,0.0118140725385091
2.99309122133116,2.99575724973185,-0.00394658326958683
3.02193522910765,3.01965515210345,0.00493916450594579
2.99522579997738,2.99797425699297,0.00317382242325559
2.98468272687362,2.98466232050861,0.00565543102823164
2.98217781315735,2.98684311490974,-0.00897142002476839
2.99209224884173,2.99633747053826,-0.00694618040456334
3.01502801647302,3.00790631866277,0.0111420479195783
3.00966917505913,3.01187131215741,0.00234257305815827
3.00177708757362,3.00197332984267,-0.000226635574040858
3.00579872908183,3.00265444447531,0.0051623655620308
3.00018922137348,3.00057614185466,0.00835437660009577
2.99464140608767,2.99810257041116,-0.0103284019964326
2.96869593865681,2.97394159675727,-0.00600821130719833
3.03739590083414,3.04076253403467,-0.00181641869488063
3.029145913199,3.02551100271668,0.0024723195671144
2.9986415767108,2.99544130656059,0.00271802368463158
2.99576276074674,2.99601719094728,-0.00334201650648606
3.00130085066504,3.0058946165355,-0.00283463556525704
2.99578348805077,2.99569587114749,0.00583116748381278
3.02150669904011,3.02711334311061,-0.0166375445758034
3.00569402563259,3.00840898600897,-0.00095473570186161
3.01251914643696,3.00761426820386,0.00529348316995501
2.99744652153163,2.99934112276323,-0.008234536990754
3.00614947690238,3.00453189702814,0.00551645305556472
3.01881340152548,3.01714605499544,-0.000497216139304627
3.00026463708249,2.99896600891076,-0.00394735414977351
3.00091226509296,3.00370257070722,-0.00302021791719608
2.9927524851965,2.99352235585457,-0.00596807410419046
3.00625428562229,3.00397645728356,-0.00141964533265638
2.98483895575031,2.98956807543855,-0.00802642595789529
2.98514515760772,2.98454096676047,-0.00323978851714642
3.00256408021531,3.00532358356414,-0.00704829254055887
2.99204579763657,2.99178054626164,0.000843623037466089
2.98517194406714,2.98250922754142,0.0110867969441211
3.03602739697311,3.03449916355368,-0.00219320500295436
3.00359331185207,2.99792340337459,0.0125487147966376
3.0048363234954,3.00748528397871,-0.00737235380019481
3.01273179666997,3.00957223641124,0.000865444727252427
2.97547046720883,2.97752689841095,0.00175640987313793
2.99872811751888,2.99354244007233,0.012671953544128
3.00672032767757,3.01079724899667,-0.00250930192061821
3.03739707289894,3.03516920577753,0.00347671039032349
2.96654869676236,2.96536541472016,0.0148278735727343
2.9932154670163,2.9932402801361,0.000602840975053556
2.98870721971081,2.99017145086179,-0.000494887247543364
3.00256904339664,3.00439883152126,-0.00197402112812732
3.00879852020771,3.00883906667513,-0.000235528983752761
2.999016447017,2.99952031619606,-0.00162946499078626
2.98943619809575,2.9910957817395,-0.00661014043795697
3.00389503977562,3.0085157960939,-0.0155120012344928
2.98965799025049,2.99472533001385,-0.00689583923967254
3.00201135948999,2.9996784245555,0.00628239094150087
2.97324198196215,2.9725182066047,0.00310124052190394
3.00058773595105,2.99900225134023,0.00396813943136153
3.00607319307936,3.00468893542871,0.00311694221409589
2.99446738615124,2.99178601055863,0.000829053200225952
3.02676080384555,3.02475560648792,-0.00196645736695653
3.01695850827177,3.0157808453658,0.0081664086366701
3.00579465653832,3.00762525174778,0.00263564575043315
3.01778184793575,3.01687434115689,-0.00184056850834083
3.00625528453897,3.01252137115806,-0.0095847637976861
3.00798165657236,3.0077949166308,-0.00156363041629451
2.98709200941612,2.98963351555957,-0.0050500711274503
2.98906235161629,2.98684051895826,-0.000144807165520657
3.00195503217461,2.99685968706491,0.0129732997367485
3.00496719532398,3.00520772527532,-0.0011642295923029
3.01460424356848,3.01448688624555,-0.00122882316283541
3.00254570262698,3.00555958811866,-0.00509014768485313
2.98646185745223,2.98613054865673,-0.00581450518468187
2.99064420865236,2.9939229003496,-0.0089779401867198
3.01194408095488,3.0064544339402,0.0112545750928111
2.99610552929089,2.99617416879465,-0.00317518544875674
3.00470286705636,3.00596837743754,-0.000577230174462533
2.98463808303125,2.98774729542252,-0.00556104559499359
3.02143673989448,3.01889196319784,-0.00330303137512864
2.98959506735053,2.98838091492741,8.68586265400256e-05
2.99889130307957,2.99927289983698,0.00553033150766019
2.99447360168649,2.99545734804479,-0.00196141577152292
2.99118834367839,2.99354477444388,-0.00605907939324643
3.01902861648694,3.0208511240034,0.00177356475282737
3.00025162258203,3.00109563883797,-0.00751087899670228
2.99594015090679,2.99832877108884,0.00063398873917536
2.99978848660332,3.00118206478168,0.00134155814926114
2.99846425468949,2.99606885712899,0.00231094472001921
2.98696254408734,2.98469724482359,0.00551317676273494
2.98650003364975,2.98847486527466,-0.00587530720387672
2.98122379188702,2.98349179463371,-0.00129035329863787
2.99830263345328,2.99472881960945,0.0018081199754933
2.99294600248751,2.99804375437281,-0.00868183466224283
3.00333117650907,3.0027112763201,0.00300909179992043
2.9969996131164,2.99879337459677,0.0070610436504211
2.9929309701647,2.99247798632823,0.00640377762420906
3.00308128132873,3.00548968731643,-0.00148885773728911
3.01870066292714,3.01909249836221,0.00351685313997257
2.9935235821709,2.99866347399142,-0.00667827641780316
2.99586450105808,2.99904431024906,-0.00816595314169291
3.00847754583369,3.00539823881008,0.00326726297023987
3.02989733839296,3.02767979601168,0.00795793463072452
3.00993247569546,3.00917448053655,-0.00153946341082855
3.00162243244913,3.00044162651381,0.00299949758947669
2.99246545945856,2.99131825845288,-0.00122156332726074
3.00382623481418,3.00410909642862,0.00518039469420796
2.98769546406854,2.99241819287264,-0.00981543006377742
3.00994488200189,3.01334684951938,-0.00485500875594498
2.98136357512043,2.98687431279156,-0.00933460538619621
3.00200265335489,3.00143977259149,3.92232348259398e-05
3.00495945071938,3.00271126611499,0.00102663690791267
3.01531348525731,3.01227923280362,0.00659335481128812
3.00408968108079,2.99855426655281,0.0127806463701548
2.99214060038462,2.99591726288168,-0.00575262593791412
2.99656956771246,2.99131284270116,0.0141197977410406
3.03880089176645,3.0417722302649,-0.00381544479672196
3.00378649865968,3.00419343068109,-0.00314382586170778
3.014034912602,3.01225533385321,-0.00631264263151322
2.99906312419983,2.99848560719287,0.00778611203367071
2.9701544609609,2.96954913123237,0.00269453270503378
2.99592027725373,2.99560294419599,-0.0011183778289548
3.01452848423326,3.01424371577106,0.00296485139516745
2.99511404325244,2.99099334500077,0.0109582437199496
2.99527904655732,2.99493721280463,0.000365591602642781
2.99744108117426,2.99636607520859,0.000257435613543832
2.99220777729604,2.98622196525689,0.0164610370597861
3.01253855070419,3.00808548360168,0.00260802264101171
3.01792445404192,3.01660821485656,-0.00101021597960712
3.01442161275205,3.01358748828986,0.000894704387894436
2.98400256061681,2.97959085732256,0.00595812152650062
3.01848992647149,3.01929218324849,-0.00466038819603855
3.01742227946385,3.01993218169868,-0.00817028818958737
3.00679498045662,3.00678943013529,0.00140379719391123
2.99735366944802,2.9947140356048,-0.00267424332662261
3.00472586249722,3.01043393934083,-0.009748686912225
3.00534557374638,3.00622232980965,-0.00204868279796857
2.99460866172259,2.99027964410448,0.0109373018092058
3.02170377205658,3.02300905204406,-0.00566331414082969
3.00143342590782,3.00639998184971,-0.00282330638310608
2.99888876673592,2.99993831103992,-0.000817643978364643
2.9941641350248,2.99597771573076,-0.00641650494557186
2.98550414649218,2.984911032993,0.0124231815578624
3.00342791524638,3.00505640987606,-0.00648279095140258
3.01717193095698,3.0122128438734,0.0103891673899524
2.96671061702334,2.96709236432396,-0.00232929654083755
3.01067172041281,3.01771333632516,-0.0103514559928271
2.97016695470236,2.96944219584302,0.00475475560715225
2.99642954946125,2.99306937867384,0.0019789384641256
2.9849198692676,2.98157049171527,-0.000416767190719935
3.01401058593892,3.01404877985785,0.00178089879922272
3.01408590537791,3.01269282433026,-0.00244314834956263
3.00020302226116,3.00350297278347,-0.00639324503658246
3.00945119691886,3.00989246969131,0.00754747406372377
2.99430355094683,2.99093371983828,0.0106141989755236
3.00164010281123,3.00343949793991,0.00321617486110719
2.99893076608555,3.00402959171166,-0.00732272433920922
3.00824859758896,3.00660719534655,0.00510645888099183
3.0227894388431,3.02398899970904,-0.00146833384208311
2.98266149326122,2.98504086768722,-0.00716176149051442
3.02958892105736,3.03324930075761,-0.017485389473221
2.98752382510326,2.98930756140023,-0.00890459679611759
2.96692711596615,2.9722127928242,-0.0112977594809868
3.00128344931694,3.00219714230133,0.00612464084648854
2.99599357817234,2.9967696930268,-0.00528415261496534
2.9772112043691,2.98006987706774,-0.00558018821288828
3.01588190199184,3.01562129013879,0.00427775036864082
3.00989292696802,3.00793181978463,0.00844752690576827
2.99459033151455,2.9936803781986,-0.00728008185552179
3.02318064824487,3.02426795796356,0.00594750219671362
3.02108861526958,3.02166681276009,0.00589910557028049
2.97765123794118,2.97767839857839,-0.000807380989473233
2.98441754503441,2.98299145866757,-0.000374987782378067
2.98461697728533,2.98555104239563,-0.0101022538111585
2.98807677740987,2.99242572975062,-0.00571214174853362
3.03304510096249,3.03075490814464,0.00656455533013468
2.99751125287293,3.00105737848624,-0.00647476305744637
3.01075824706438,3.0083214250952,0.0043381596451528
2.99352372594512,2.9936704446115,-0.00375499587824332
2.98588472787307,2.982041628648,0.00649421390776411
3.00425893631013,3.0050905131225,0.00108435965510818
3.00304581203619,3.00195915699181,-0.00304124438821295
3.01953736163566,3.02101327443669,-0.0064105442275934
3.00707725164149,3.00522817902219,-0.00299932998384924
3.0120259761549,3.00719775400352,0.0129413182255507
2.98113904639574,2.97945359152232,0.00125518962684036
3.00245093246972,3.00111598129936,-0.00334483750503067
3.01127856948751,3.00977565090336,0.00673956993122741
2.97061890207551,2.97058694862919,0.000838527807279884
2.99129914763936,2.98720614705314,0.0071171096158621
2.97119408563193,2.97146123636424,0.00388886036037612
2.98766616126509,2.98823420658514,-0.00523976311110659
3.03633606929246,3.03132611868307,0.00787296765470845
3.00275068385559,2.99871493793222,0.0100387879325195
2.99052469941864,2.98904514798539,0.00567751182741384
2.98835577222528,2.98762430805745,-0.00577610778539252
2.99370929580656,2.9878001400538,0.0103512750906044
3.00432586056753,3.00778588757794,-0.00869329944937209
2.97956683526786,2.98197786255386,-0.00733451615603322
2.99587675190105,2.99201337755776,0.0078969350504041
3.00463598238274,3.00186876882415,0.00950269947041545
2.97923364219802,2.98229352253042,-0.0147806842987629
2.99769029137651,2.99392598908628,0.00594168414425402
3.00446645539383,3.00570161232165,-0.00353676816039499
3.00163713775861,2.99724967388675,0.0183495969760269
3.00752553576162,3.00986227758624,-0.000373805947468062
2.98562758903936,2.98473902010211,-0.000410575437567868
2.97599317524707,2.9819007496995,-0.0194828910567394
2.99807548898767,3.00273221467916,-0.0118971479274312
2.99353935534277,2.98913737872579,-0.00185333341362814
3.00064653379128,3.00459572349071,-0.00944394990312867
2.99127404129303,2.99413088657483,-0.000186846522991253
2.98217008880308,2.98153909224901,-0.00206029325390392
2.99547365276247,2.99494769669665,0.00101203145897778
3.01650877756618,3.01637628685945,0.000555716556596567
3.00258167793696,3.00323129334843,-0.00403897495091198
2.99612856259399,2.99042211307615,0.00645926227942443
3.00339121000128,3.00532095719331,-0.00204611997987388
2.98948192066011,2.98867129943835,0.00190504236742086
2.99275752454662,2.9931737309027,-0.006303986030987
3.02085073751054,3.01439363158607,0.0085756966752808
3.01669656871051,3.01370657219725,0.00225088625251722
3.01659954497409,3.01483799627611,0.00401311998821206
2.99475154178987,2.98910717060427,0.00407003568312833
3.01360312817925,3.01120169374464,0.00231710008081404
2.99464018123961,2.99431955808905,0.00194320042226577
2.99331653891927,2.99034168903105,0.00927247016257456
2.99083317216246,2.98751924784781,0.0116221682749478
2.97419855842274,2.97486565175341,0.00283654984983832
3.01004031964442,3.01012334652389,-0.00302464082300487
3.00369377039735,3.00366273446266,-0.000830608998245485
3.02120747442473,3.01699133222067,0.0042866360349745
2.98964521430546,2.99123795175199,0.00169014168340867
3.02181411050819,3.02031628571506,0.00448085275335433
3.0062660015887,3.01001884850489,-0.00264754586550208
2.9733350691145,2.97758615899145,-0.0086415800782545
3.01236540193292,3.00549638101923,0.00563653876594508
2.98388987790135,2.98653944977405,-0.00847452995364924
3.02242698546894,3.02445922618495,-0.00273292701352717
2.97499491052613,2.97618138288798,-0.00213155257507716
3.02067014630382,3.01999030398518,0.00177365968884508
3.00212484280442,3.00115144440133,0.0117736635999021
3.02049764909453,3.01848351242109,0.00798668273089033
2.99616581334212,2.99563908618594,0.00290102323695206
3.00131102876407,3.00261473847957,0.00475361952665893
3.00554993710596,3.00485138402116,0.00294382134337095
2.99352621205974,2.99089698634005,0.00470578628017754
3.00737407315189,3.00605540454612,5.23474912708717e-05
2.98629127299666,2.98697070412619,-0.00490937345487288
2.99526225400811,2.99467109670091,-0.00339246598169023
3.01063608937485,3.01116337095722,-0.00198948858170866
2.99040873950858,2.98704205587452,0.00140529374774915
2.97366718703937,2.97495345700284,-0.00271921026709814
2.99631723606706,2.99753367081752,0.00482885641627755
2.97161795568895,2.97166892602655,-0.00165861880912486
2.98883196435372,2.99050718638718,-0.00857645269653574
2.99928879097765,3.00053021648392,0.000266552990348484
3.02359970051402,3.02137337852788,-0.000661241421889266
2.98961489281047,2.99346290195043,-0.00584837824560492
3.02445581496424,3.0187325706686,0.0126166557292848
2.99506144283018,2.99511458456888,-0.00291244030725531
3.02517631022654,3.0235168837048,-0.00222989709642019
2.99245899202826,2.99104543058803,-0.00103523608225276
2.98275870966159,2.98231695018666,-0.00725062655609308
2.98248987096319,2.98062819143637,0.00266220816469466
3.00187778305079,3.00221421854352,-0.00401249686286135
2.98574696099133,2.98825093687603,-0.00360565225389285
2.97027842459549,2.97380082850068,-0.00255170445582056
2.99979367686622,2.99894838667258,-0.00205669316882213
2.98397695857802,2.98527929863581,-0.00324208759604071
2.99377585680795,2.99158494283449,0.00432206521053065
2.99914287519308,2.99880856583809,-0.00616597123872597
2.98502354540483,2.98307423072493,0.0104957543075104
2.99935678857954,2.99411133444566,0.0109410553984731
3.01220095715429,3.01558679591766,-0.0101736791465636
3.01100702545025,3.01414527629924,-0.00754578386291559
2.99142920640436,2.99210062570725,-0.00845776246361298
2.99064711323816,2.99295560252134,0.00178050507099643
3.00944911968214,3.00437662313121,0.00932956193687659
2.98184358624329,2.97837386895504,0.00644233712438193
2.9972801926781,2.99510573080574,-0.00225666992770211
3.01975175018666,3.01653064204756,0.00756521943049877
3.02170737548169,3.02284195216001,0.00663523229875888
2.99862145394131,3.00013608204103,-0.00460913548652045
3.03369377902834,3.03375548560857,-0.00274438061452846
2.98151797481105,2.98189461102436,0.000219256429818127
3.00959950917074,3.01303789485411,-0.000569503765116687
2.99192810280157,2.9939833918333,-0.00421049805771498
3.00787218573706,3.00429051345743,0.00157033946317667
2.99976820421562,2.99830107085717,0.00363436001188993
2.98364185776448,2.98384913207159,0.00109712922754639
2.9977998060945,2.99312812511485,0.00731718052875128
2.97233413968312,2.97619857650576,-0.00627257658236402
3.01352259428868,3.01574383223461,-0.000554223611216494
2.99497388051464,2.99632484165161,-0.00395829903734243
3.02556150452771,3.02571013174635,-0.00082952585879781
3.02746189071262,3.02759073777529,0.00586728479568429
3.0236368455584,3.01576170969199,0.0128172079840679
3.01762849111631,3.02112100826761,-0.00420097569320912
3.00807644495784,3.00785122400619,0.000525839680578445
2.97371120996163,2.97639718974874,-0.00213209861161523
2.98925489658113,2.98652534277259,0.00176414791929856
2.99019266089635,2.9998388352173,-0.0205166665899841
3.01711707500695,3.01404159088169,0.00276292323750307
2.98200469386841,2.98251435026443,-0.00300959816766158
3.01795802910062,3.01715686853569,-0.00237986358186193
3.00518222180978,3.00226563564692,0.00273473158221511
3.00495826343353,3.00514473097451,-0.00489657915104753
3.00249651140818,3.00489014463805,-0.00756182045008458
2.98295481748126,2.98793150182382,-0.0048322821627503
3.01735447915566,3.01925758953303,-0.0046071640115866
3.01898299765694,3.01514278880555,0.00622279796349698
3.03929248876849,3.03921708745535,-0.00254739720010313
2.97127907122631,2.9736560992823,9.43148091392856e-05
2.98256776677593,2.98215946640534,0.00652280378734124
3.02488266377667,3.02353062301536,-0.000641467085709173
3.00392514165975,3.00078265078826,-0.00223436654947039
3.00921562199533,3.00653181552535,0.00423614477236222
3.00805676562081,3.01019361415938,-0.00588414176414562
2.9644869240678,2.96833070489118,-0.00708587326795035
3.01664580958658,3.0211870964973,-0.00638006428120223
2.98757886573649,2.98644697614159,0.00181992837011103
3.02607729001143,3.02586866156565,0.00541880031149827
2.99758018764749,2.99572159415376,-0.00161176780357886
3.00263685866338,3.00283105713183,0.00020459009965968
2.98854540011497,2.98777267038124,0.00127764820736999
3.0106498024241,3.00219941616039,0.0121652507373662
2.98820957382089,2.99242023695163,-0.00611178281923342
3.00804535754256,3.00544829920763,0.00392060290687362
2.98775949950596,2.99293384447195,-0.0102218385609378
2.99805368810099,2.99463160887759,0.00207182849668634
2.99554084365879,3.00109139297092,-0.0127793325993435
2.98938161224801,2.98921329601624,0.0064228873574359
2.97602887268137,2.97408430534233,0.0082791579771323
3.0172260664243,3.01548347808107,0.00532937794203468
2.98849776195668,2.98713263626722,0.00962562841804025
3.00838623677187,3.0073634339381,0.000802658948129723
3.01429080723415,3.01739958144632,-0.00383308871622549
3.0016954599439,3.00337791182821,-6.76352055730143e-05
2.99239404651258,2.99182448705734,0.00811926888492567
3.00838021273159,3.00821912834381,-0.00130023626665696
2.99159566436945,2.99452607308317,-0.00633517084733376
2.98566955821189,2.9865635568968,-0.00689022835718705
2.96784264718376,2.9686612774586,-0.00296468942072982
2.99414440383626,2.9947644855476,0.00154824137250544
3.0094551214498,3.01117008357573,-0.00521859824382123
2.99657028756719,2.99722409893714,-0.0026520741064918
3.00676758158381,3.00625160808789,-0.00583963611422136
2.98957984292895,2.99387204233415,-0.00625094849010292
2.99508237202856,2.9952968811497,0.00550540302839843
2.99450953480068,2.99513820048546,0.00687316184601409
2.98039914411267,2.97598707158221,0.0089218229508388
2.99708625811904,2.99928410466011,-0.000454337083997764
2.99257895589225,2.98672601844076,0.01532075360253
3.00145652312504,2.99832538759721,0.00676027153868148
2.99819520654354,3.00398753997775,-0.00613798576568155
3.0020117170815,3.00111910873049,0.0033843488454007
2.97930071026448,2.97938139670006,0.00544362672370367
3.02411986851733,3.02392015377772,0.00154751462889768
2.97416759194677,2.97896915253104,-0.00450671563814158
2.99109449910442,2.99372254717411,-0.009920388101395
2.96940522309368,2.96530428438415,0.00480787969178741
3.00727484501947,3.00909191411335,-0.00817710005402048
3.02398217721212,3.02119250550203,-0.00256880626452825
3.00468352591288,3.00639707541061,-0.0112824085919031
3.00565380999631,3.00717778724424,0.00440183200980525
3.02090066341915,3.01971358141924,0.014658013758258
3.00904230081131,3.01397272393299,-0.00281038879743824
2.99225598489977,2.99128600505238,-0.00852076673349481
3.02868888008786,3.02971278222631,0.0035193483708461
2.99071980705443,2.99577249062806,-0.00267512026868597
2.98403071536464,2.98292319686894,-0.000829269932448764
3.00329733463219,3.00933869232262,-0.00641691800769511
2.99944385699865,2.99946689771567,0.00160984892455532
3.006631398493,3.00658559899818,-0.00438551178090362
2.9814151812199,2.98219600265719,-0.00143664217206342
3.02290812722412,3.02122264411995,0.00502367425902838
2.9907048209487,2.99239717383595,0.00398400224224854
2.98942376227134,2.98838867895873,0.00287724002750507
2.98498737538512,2.9853667061892,0.00301385721281798
3.00893940572885,3.00436597324863,0.00188255346704033
3.02483950667001,3.02516371254402,-0.00850395403476832
2.96199630680431,2.9595289547244,0.00192992284429182
2.98702869784513,2.98560309428865,0.0027838629912959
2.99816922236495,2.99478907101157,0.00463511348367021
3.00023050505218,3.00067776646298,0.000984122699863079
2.99347360968035,2.99678633831573,-0.00754262460605666
3.00241824555887,3.0022514733505,-0.00423978231300514
2.99498558487028,2.99666296683651,9.48594381255222e-05
3.00359894303908,3.0018303718183,0.0032268422436274
2.97781408415125,2.97671569802661,-0.00522552047152832
3.01468641064648,3.01692719717808,-0.00335730729647804
3.00425551182765,3.00058603994531,0.00323678464858566
2.98218501274891,2.98095723464691,-0.00470747390045231
3.01377355907804,3.0175874408448,0.00341570690572423
3.0155352710473,3.01468379694594,-0.00359591746826444
2.99488235938671,2.99292798081136,0.00374124683854935
2.97700244542855,2.97912091089887,-0.0114926561195566
2.99891008551888,2.9960994667215,0.000188131110054262
3.01317679439447,3.00819158265783,0.00563249544140841
3.0056807714211,3.00654719727399,-0.0057949157132692
3.00345999575852,3.00031148331943,0.00722759759613383
2.98531402074595,2.98595096263668,0.00111126614317146
2.98874437485361,2.99324230203044,-0.0144740528796058
2.99240062288201,2.99462908380206,-0.00189546629403695
2.98304389040688,2.98819123672202,-0.00742180666204723
2.98722651530289,2.99103276897402,-0.00443537645680456
2.99367069903635,2.99311581408628,0.00146280887335953
2.99988032387575,2.99843858377266,0.00955925391111749
2.99992797570418,2.99903542432599,0.00441166293245203
3.00438539850681,3.0009677818097,0.00335151629554556
2.98664008619331,2.98777831300878,-0.00207605491896283
2.99041579400278,2.99020623510801,-0.00125159623338345
3.03091753527682,3.03212644246909,0.00290949212779573
2.99548651970574,2.996837653778,-0.00134509999235711
2.99459269594096,2.99413650087254,-0.00134301935004824
2.99036659668197,2.99031594613333,-0.00204267462633375
3.02338803299469,3.0209181102971,-6.5620517668641e-05
2.96678358651375,2.97175706010686,-0.00983602489683064
3.00321601548362,3.0022804641558,0.00148355150815132
3.00762616695296,3.00632477469725,-0.00531042457935271
3.01383074240557,3.01430724214462,-0.00220919650040426
2.97087649554597,2.97305952088636,0.000547461608344273
2.96051260329406,2.9609759396726,-0.00525878144756575
2.99574479817391,2.99272797681316,0.00883080814355629
3.01124068938325,3.01118933763163,0.007378908638318
2.98464646736164,2.98583717198436,-0.00581412626546519
3.02278496927664,3.02063121950752,0.0106199703960513
2.99633738065512,2.99433393012592,0.0012319951856556
3.00674096693646,3.0078961424991,-0.000753417574926528
2.98931680426617,2.98721360094543,0.000175640753179813
3.01851745814199,3.0142043022619,0.00618946598404171
3.02455395336503,3.02684594897796,-0.00253107620405337
2.9851234483065,2.98367421803015,0.00126967599649675
3.00312647503591,3.00444765530591,0.00554371913865447
2.97354234713787,2.97212818948728,0.00314542952501008
2.99153631903939,2.98851023616772,0.00773356407228653
2.99849324184528,2.99187540264797,0.00162160876902755
2.9904280478655,2.99556686571179,-0.00574274803698778
3.01052129315323,3.01143960970139,0.003957770373496
2.99497388269293,2.99647765467053,-0.00877917831444105
2.99037638403967,2.99785041152766,-0.0183625770467949
2.99657519936329,2.99425516181983,0.00515477225924951
2.99683576406686,2.99821571512885,-0.00396721346269443
3.01786811330279,3.02464670092941,-0.0194031575349748
2.98952433687601,2.99279045392032,-0.00472910608697243
3.00037428029646,3.00404338277059,-0.00679709847814468
2.96122177967997,2.96094001077758,0.00205332057502997
3.02845539516567,3.02743254307337,0.0061313825884373
2.99227139092295,2.99367853185641,0.000180421137361166
3.00281896728066,3.00352703468539,-0.000609291937796349
2.98932699578885,2.99195712143708,0.00325591505429543
3.00598373536078,3.00532892253673,-0.00543356139496693
3.01573129227951,3.01628361860074,0.00162514506567322
3.00315305060972,3.00095562629371,0.00574337905289594
3.00566387823662,3.00335503347719,0.00483738486045311
2.99185679731723,2.99515842237068,-0.00814292010432919
3.00366926420904,3.00496178161466,-0.00419805562186243
2.99893686431015,2.99715695813814,0.00276435548979395
3.00500251539178,3.00089165749615,0.00404039518716004
3.02779457283444,3.02786848194505,0.00450469451960853
3.0041846174968,3.00541549437039,-0.0019369555597463
2.99037004594029,2.99360076506134,-0.00685084443109722
2.9955205069396,2.9995504615499,-0.00592894743507523
2.99763899728096,2.99476201755106,-0.00152736567643171
2.98627380619182,2.9863840925561,0.0106147358829306
3.02238953794643,3.0246343689712,0.0031789950320372
3.00226750525099,2.99760965747264,0.00793689845043291
2.98085632581854,2.97503409742768,0.0105281623705627
3.02828703501028,3.02914050191041,0.00432435906099493
3.00689741591085,3.00839112289263,0.00348477878540405
2.98870591717389,2.98640938709232,-0.00208446509667207
3.00270291413769,3.00674522576358,-0.0106426080574036
2.98567431355921,2.98712867087655,-0.00282596057172647
2.9652507620209,2.96704184084186,-0.00488668150350379
3.01721767334315,3.01898331376854,-0.00414220780611677
2.99001700089505,2.99162561080836,-0.00345777573544497
2.99342296532271,2.99233882169812,0.00284025348233014
2.98461843886124,2.98758458925204,-0.00503661133007738
3.01404804589827,3.01393911390247,-0.00441437710611725
3.00500165647551,3.00277055187056,-0.00139762316292303
2.99271913767623,2.99925907847393,-0.00637686666437413
3.02073013276208,3.01964352181326,0.00182960496933774
2.98920790340495,2.99115342599605,-0.00588841934161176
3.00636849690116,3.00951999021198,-0.00193461684836832
3.01714587062181,3.01537084689689,0.0071822987723578
3.01298741715166,3.01163489388378,0.00299292107710532
2.9895494571816,2.98813589438441,0.00193790722899877
2.99973899059833,3.00265685504253,-0.00336206057664611
3.01897063765008,3.01774573449137,-0.00665475627255001
2.98074029742496,2.9810701881189,0.00129596117679475
2.99752123481495,2.99480108254623,0.00454320285907367
3.0020561968987,2.998494658236,0.00524015004928406
2.98343728071007,2.98232329548046,0.00511498606791063
2.9690416388026,2.97011579250085,0.00440058228480238
3.00821314041047,3.00551891670932,0.00402003553654474
3.01063135423493,3.00655768350205,0.0137491731508171
2.98918868272149,2.98586855959892,0.00601121538282157
2.99752119198599,2.99649835399716,0.000792296654345541
3.01847263636903,3.01575216136165,0.000440538792676291
3.00032111598651,2.99882556737162,0.0102245268451641
2.98898257873275,2.98888136330624,0.00166288528512348
2.99368118998022,2.99278429193359,-0.00276065880396583
2.99770107410085,2.99960578725366,0.000347506620751757
2.98792941951212,2.98776182282768,0.00101319233088608
2.98962284260953,2.98942036174244,0.00820856270071247
3.00208894218097,3.00193777961844,-0.000434521540583623
2.99357839611432,2.99295564929415,0.00391441521567824
2.99254429378095,2.99249634425462,-3.33315622578627e-05
3.00866788413594,3.00988978930759,-0.00495549016162566
3.02404786221996,3.01974811458203,0.01557887802638
3.00380172398058,3.00602036684526,-0.000113288816505622
3.01486963643967,3.01574303980559,-0.0027495418524887
3.00892256091681,3.0073409934553,0.00335615912748137
2.98696194708428,2.98829461618267,-0.00368015652168751
2.98126079332055,2.9790292102056,0.00954537960897587
2.99014341479557,2.99063404548414,0.00410712772737875
2.99101081602462,2.99697548966722,-0.018173668901373
3.00311708725213,3.00115176294577,0.00144843320772498
3.00511303711023,3.00247173857231,0.0060797629374192
3.01270194327712,3.01695975306949,-0.00140314014384989
2.99939728225857,3.00116993152363,0.000659646724609751
3.00058760308406,3.00329231058507,-0.00226374983227209
3.00145885624206,3.00328586971648,0.00305696090307223
3.03670220353319,3.0376066061706,-0.00374523085039276
3.01320017456706,3.00935877112703,0.00549095049362387
2.99482642059256,2.99970682404946,-0.0111508951838838
3.0144702686833,3.01635719929759,-0.00144507053560648
2.98540674715655,2.98691288284477,-0.00683335487787465
2.99415889994351,2.99469854246882,-0.0012606737185008
3.00486026337455,3.00350422078291,0.0138887522084131
2.98275712351061,2.97996057331674,0.00157740372773146
3.00675035119614,3.00769212916604,-0.00872766887944768
2.96899151785073,2.96643996388545,0.000122963172555869
2.98565188742693,2.98241072355784,0.00612245041836611
2.97858116629266,2.98045995258585,-0.000864696660569397
3.00343588084483,3.00231769192594,-0.00213683439485134
3.0191719158937,3.01748535925379,-3.92124953523564e-05
3.0041621271118,3.00668731361112,-0.00138228801683386
3.00640659665519,3.01074599546705,-0.00445596041383959
2.98417738949534,2.98306509671391,0.00705186695297829
2.99406622301999,2.99532032659252,0.000484734256114259
2.98560142318466,2.99285802899814,-0.00165753664641033
3.00079635916177,3.00331151631471,0.00612629861350587
3.00006561784502,3.00136026824502,-0.0018203278228351
3.00404405270819,3.00516497516132,-0.00401051413996828
2.99855953621336,2.99335809975554,0.00583164230845557
2.97330478676395,2.97535631225668,0.0012237363289518
2.96983263465146,2.97324094872018,-0.00432537188573364
2.98166059701625,2.98665174119552,-0.0129669725990411
3.0107005634132,3.00821961166301,0.00278539587317867
3.02126466412024,3.02119105790814,0.00472076220400068
2.98602664720164,2.98585190942386,-0.00112951269915797
2.98582693771098,2.99094152280563,0.000558979031128313
3.01167206770882,3.01345279190588,-0.00692530343832163
3.02287816831308,3.01550800367409,0.0107757422149327
2.98908042900359,2.99096719602917,-0.00125259187914121
3.01654818846138,3.01598456831297,0.000401269766543913
3.0043315356537,3.00209585081527,0.0021113373116001
2.99447899550594,2.99487728269754,-0.0065066989885268
2.98915913933892,2.9888567397315,0.00392740014860454
2.99754930158223,2.9959842669642,0.00691191779315917
3.03411412616451,3.03671969956229,-0.00533128769505521
2.99385827405858,2.99588703711873,-0.00979195980584553
2.99441559421927,2.99035074081463,0.0079494158975684
3.0180779705674,3.01809303343794,-0.000821176433989074
3.01457677546781,3.0152352220405,-0.00222857335533431
3.00482952557066,3.00828934405451,-0.0114817431316551
2.97373177151969,2.97445993497879,0.00127688924867044
3.00390178455971,3.00411210810568,0.003227982973195
2.9868209815733,2.98699323849119,-0.00502878979209303
3.00143848291845,3.00043984466225,-0.00667286311148292
3.00101093647118,3.00047748718417,-0.00808489118567193
3.01301379286934,3.01426854937005,-0.00392680210599909
2.98392144437544,2.98629605266435,-0.00232962570964321
2.99825523116491,2.99804867379684,-0.00170957337411326
2.99140667226734,2.98968945645052,0.00556192302319137
2.9671399819761,2.96647513750554,0.00209233451124188
3.00051516080907,3.00835038166407,-0.0137646113314226
3.0086214430948,3.01140075179609,-0.001614164432513
3.02487724250627,3.02656349922461,-0.00220794294914792
2.9757735664888,2.97579120565515,0.000715688813484666
2.99899248695829,3.00326872965046,-0.00860925027687556
2.97776731355972,2.97847748210599,-0.000281881740269223
3.00692034783594,3.01096723691126,-0.00334364072424105
3.00942803689303,3.0141247162181,-0.0110509534262977
2.9811564469761,2.99182654206211,-0.0102944558988575
2.98252193351875,2.9845940041034,0.00408198657628409
3.01438937826122,3.01794601517145,-0.00324443515881602
3.01155892611113,3.01517855078486,-0.00079509365329409
2.9930197006602,2.9940124157321,0.000474129574103085
3.01750114673425,3.0172881140037,-0.000691513928992135
3.00568914864408,3.00670507309967,-0.00437229198109378
2.99394292049214,2.99100684767588,0.00752956449964931
2.99967962794673,2.99938361585805,0.00331877133331965
2.99182809101131,2.99296781371034,-0.00682331270480723
3.015013560845,3.01392316918073,0.00154457875903214
3.0282232299638,3.02728609517205,-0.00105023035546037
3.0155487988471,3.01422825811834,-0.00042388674286339
2.97451503240963,2.9726646710645,-0.00302815024641346
2.98151898198113,2.98162644713725,0.00644324273074622
2.99000382921636,2.98735639834981,0.00394705425146909
2.9957680941998,2.99962013493269,0.00214055649861495
2.99962865213191,2.99825482716429,-0.000585682314408342
3.00447302262236,3.00111411628619,0.00580369430954651
3.00182289972391,3.00211777129921,-0.00202718583073858
2.98660143762996,2.98507881049591,0.00207863038928533
3.00111294368254,2.99876296957002,0.000672212602991845
2.98968901522695,2.98927109999621,0.00440038709827533
3.01619411050138,3.01581535405788,0.00424340309844514
2.98241300151232,2.98368190879313,-0.00636617829861178
2.98317990357812,2.98079107506233,0.00806917313390774
2.99105447579843,2.98883179158296,0.00710707151848535
3.02335857221537,3.01990485020586,-0.00157557143059609
3.01254891067281,3.012239256972,0.00428875672820192
3.02166697478094,3.0254638810871,-0.00728284561265293
3.01049070386843,3.00790053208545,-0.000350770275174305
2.98152775765942,2.98332936029236,-0.00724850533476808
3.00960686757078,3.01495951415883,-0.0119669681302843
2.99889512473347,2.99563495496164,0.00792958397147091
2.97248344148682,2.97806289750313,-0.00345962840413036
3.02047311902165,3.02027573544428,-0.000389520877185556
3.0195081005976,3.01621731948097,0.00673200794423583
2.97853490941914,2.97542062303957,0.005554169077863
3.01161482656443,3.01311622274836,0.000605024729279618
2.991625876156,2.99254590842579,-0.00104720350817027
3.01152878676421,3.00426843031572,0.0123123612391032
3.00411908093512,3.005805597495,-0.00251139327794855
3.00167400143558,3.00087641339291,0.00791106863180325
2.99107684375749,2.99485285970725,-0.00450142160769273
2.98913123345024,2.99019616705805,-0.00630565339077519
2.99549804247592,2.99870062400498,-0.00178056284430148
3.00640528190585,3.00467497053041,0.00167287680661696
2.99951548618189,3.00011370334995,-0.00687913662784327
3.00435785498487,3.00225779902625,-0.000692681994642619
2.99088367013168,2.99207867581734,-0.00262014804488118
2.99535607025283,2.99223503306597,0.00236662858307285
2.98569908347937,2.98500237215106,-0.00691359733420873
3.01533906065576,3.01672770883456,0.00168191287217725
2.99524820594706,2.99651319683088,0.00712929792061493
3.03047742541251,3.03080451313161,0.00414622133132372
2.99234143598213,2.99800423243829,-0.0137917244457802
3.00484381698852,3.00378111863143,0.00584222034441844
3.01921907476726,3.01563065260506,0.0101538839976293
2.97258373974854,2.97430247305364,-0.00379584904691639
3.02164546927376,3.02782689793521,-0.00724389708336613
3.0061155898717,3.0069637377627,-0.00307200415135738
2.99409163816664,2.9935646297755,-0.00336513325959889
2.99697542971705,2.99786962672318,-0.00391949056101185
3.00214169593724,3.00210422138335,-0.00765654277268764
2.99163255488435,2.99376373653145,-0.00669045374364256
2.99734358976836,2.99668266730801,-0.00176250615653242
2.99595865282681,2.9986225308681,-0.00485742338486995
2.97776377814788,2.97162262688015,0.00734659382374958
3.01752125739375,3.02030908098637,-0.00148184691541228
2.98848293096519,2.98867672787188,0.00156150109406556
2.97740989604785,2.97544579736037,0.00428036754112356
3.0000361540434,3.00088032507449,-0.00688961147106083
2.98733315931401,2.98899286211104,-0.0072150452083287
2.99450301716112,2.99498892611109,-0.00357129748937027
3.01472968735411,3.00960277757145,0.00534941418460366
2.99219855252052,2.99108908481956,0.00552653599832721
2.98790048021346,2.98866926285016,0.000384743327741134
3.00349521494235,3.0022550656089,0.000254231277917374
3.01999929446555,3.01605505918404,0.00979305181980898
2.99611513347494,2.9965326404489,-0.00205632664773084
2.98509346844855,2.98946080967855,-0.0105484443798381
2.97337323745144,2.97309506592488,0.00246388089033553
2.99293282038199,2.99123516117887,-0.00564953046701581
2.99387112484648,2.99751375495464,-0.0102256421495752
2.98924509295628,2.99261503531846,-0.00264411609876944
2.97750014398367,2.97616549951536,-0.00121259187808648
2.9889704312719,2.98982136435379,-0.00504044223453505
3.00491799307012,3.00540373908188,-0.00687173500635123
3.00786196349527,3.00953397815568,-0.000733547793266808
2.99189358395474,2.99269512481514,-0.00437333644748519
3.01341868853517,3.01019345632594,0.0101555583029493
2.99922331420562,2.99694586774609,-0.000569160951648134
3.00167037775859,3.0002205237294,-0.000711352381286788
2.99174936381233,2.99143234059034,0.000400739766098041
3.00803771947044,3.00970453173395,-0.00164143645029469
2.98609461584235,2.98616295096247,0.00376025099794819
2.99291098538958,2.99139827027126,0.00494613418014079
2.98895718944271,2.98865283569729,-0.00106205951587561
2.99709916505736,2.98994854411701,0.00860845855491152
3.0155676205287,3.00786418673105,0.021495956289314
2.999852499657,3.00055677237936,-0.00971905115067322
3.00917571811329,3.00532384283181,0.00691816393083443
2.97566088489802,2.97821758478019,-0.00645242824539104
2.99877696915629,3.00038758679796,0.00228780666935093
2.99186139639197,2.989275850967,0.00763763592350597
2.98612777370844,2.98539143116609,0.00304944721367408
3.01892147656804,3.0174318961308,0.00248598096851955
2.99517473857034,2.99596152322304,0.00184264981727049
2.99636007769773,2.9951348219822,-0.00248192209558066
2.99788727171195,3.00197067849376,-0.00354442785318711
2.99519331226444,2.99579235423164,-0.00585811205301561
3.0030165312134,3.00453883220052,0.00077362950893768
2.9771386279525,2.97472424896011,-0.00419452905533967
2.98426652773265,2.98196543786732,0.00742560705402653
2.97942624928564,2.9767981819298,0.000414886711799188
3.00507492292508,3.00296706128396,0.00438475518050422
3.01384373779241,3.01476766660522,-0.00785924625944882
2.98748063548436,2.98995435670702,0.000278977265478175
2.98536293454446,2.98275976429292,0.00430055348822588
2.99126158337685,2.99073430581305,-0.00207412365971734
3.00935543238175,3.01042707275086,-0.00206496671649978
2.99100107241233,2.99197687910379,-0.00221522185927483
3.00052604037692,2.99931887569687,-0.00766935730974873
3.01444981205054,3.01517258650852,-0.00573844645019386
3.00153260944984,3.00552525616648,-0.00943890376703192
2.99921943116018,2.99616228105579,0.00215858618998152
2.97282707654056,2.97396042166757,0.000837072596599878
2.99150391863886,2.99520436550202,0.000541141073688862
2.9952308394579,2.99856269052054,-0.000444558075563829
2.97802391374231,2.97563166242769,0.00986537650682104
2.98966152737083,2.98765203055925,0.00784807913227788
2.96705540507984,2.97005969162126,0.000825452649907705
2.99953180587484,2.99906164364935,0.00380317175347202
3.0242141772624,3.02492512819441,-0.000134884801148354
2.98663798466825,2.98446345791811,0.00241686003943865
2.99714129241319,2.9972566659617,0.00626550966222294
3.00442987274006,3.00062783429467,-0.00244995622870951
3.00545473339323,3.00457138628019,-0.00473802578113406
3.02374490324171,3.01609170607039,0.00348156768259025
3.0054624980174,3.00820012840387,-0.0113569407399407
2.98641701784132,2.98555580753342,0.00257402966168255
3.00330334032572,3.00674193345493,-6.54709606641636e-05
2.97441446660728,2.97118780475671,0.000223806936174594
3.00085418658584,3.00571668435906,-0.0105963014407248
2.98595039396867,2.98590026584906,-0.00129173957757993
3.00001331885053,2.99965415954827,-0.00130543278435623
3.01149720118148,3.0138049189161,-0.0014296159083015
2.98224532693532,2.9818746829406,0.00203498382241244
3.01054112041296,3.01294879414283,-0.00986911541748873
2.9789793785865,2.9755506296079,0.00467851761762234
2.97802534206857,2.98223603154412,-0.00297983947818488
2.99522015436261,2.99680577183013,0.00402979501108609
3.00716127658372,3.00691565735223,-0.0014344279226016
3.0008858916878,3.0052854047971,-0.00741225584317243
2.99730846062488,2.99805422573524,0.0054787771596036
3.00617394003502,3.00884440805725,-0.00776182604074694
2.97600339472906,2.97947553040311,-0.00788282686509458
3.01498465176283,3.01359683853792,0.000266714398961951
3.00066242262226,3.00083864669546,-0.00192712387416344
2.98701022980043,2.98498851533188,0.00288487622322262
3.00424065262772,3.00373281299703,0.0060546570654988
3.01177603739075,3.01095759505606,-0.00470679942041964
2.99490471475442,2.99431558314914,0.00671093933576717
3.00283104771063,3.00226722481511,0.000841234091569412
2.98653050449443,2.98498460317423,0.00373555192565356
3.01921168538785,3.01643435109173,0.00970775460590106
3.00258058139583,3.00229828081097,0.00137412447683894
2.98605637386539,2.98477386007094,0.00511054782442207
3.02812375754688,3.0349587286369,-0.0110791761884842
3.00614270916621,3.00325288980808,0.0066671623651426
2.9969821002528,2.99602070957924,-0.00415146540763557
3.0162140111798,3.0165345272927,-0.00279754656663896
2.97236565303931,2.97527041619371,-0.00273122532491408
3.01083222995815,3.00923924576318,-0.00447799423404423
3.00586421809596,3.00507838410489,0.00115757437936976
3.01939135239503,3.01788378566197,-0.000528542932641958
3.01451021724916,3.01652222752249,-0.0129664596394632
2.99548936089953,2.9996902082252,-0.0126334600013575
3.0236066021937,3.02115584434602,0.00304508973552753
3.00966127615371,3.00857945522259,0.00109141287961492
3.00475046419857,3.00149205595782,0.00871204486377132
3.00418957111568,2.99973462644774,0.00710546424695741
2.99690710281793,2.99784828383861,0.0056466191260461
2.98234309678537,2.98262435593446,-0.00544835991559553
2.98291910830421,2.9826191560187,-0.00164386019250298
3.00184952587925,2.99966738408762,-0.00124677670290561
3.00012071524851,2.99985253390372,-5.82192247377736e-05
3.0210550661369,3.02346749253307,-0.00756230059130822
3.00505181436105,3.00485459543428,0.00408703450301503
3.01499294494107,3.01179816340211,-6.80404548644878e-05
3.00676794250027,3.00610335491458,-0.00698944611743982
3.01667642248221,3.01863886750404,-0.00554760406683273
2.97268193666263,2.97127112418864,0.00870337705795911
2.98483116244614,2.98438277168428,0.00566455991885051
2.99265348890292,2.99095573438207,0.00547930226033877
2.99333218260278,2.99264389668629,0.0102288963838284
3.01574920574987,3.01524938690182,0.00906625837737666
3.01377523468235,3.01582450304749,-0.0099929699013524
3.01414207204813,3.01746206946424,-0.00582931480120049
2.96681866132708,2.97445852551226,-0.00922580863021827
2.9972903624844,2.99336766694884,0.0066655046115732
2.98510748782792,2.98982762600541,-0.0069037517460935
3.00364485944986,3.0019343811599,0.000414373905471261
3.02611151852827,3.02529215751514,-0.00538871140283408
3.00447105030978,2.99828643019711,0.00217939313001248
2.9870192617723,2.98679471657577,-0.00088713990659406
2.98312791479934,2.98814753337364,-0.0113335379816103
3.02192892841576,3.02228720223389,-0.00257894368672042
3.00457837546637,2.99993700006376,-0.00175952756539937
2.98647075253576,2.98832593373868,-0.00281738202998489
2.99390312829241,2.996647022548,-0.00225830834928041
3.02706487958318,3.02872798257436,-0.00234489752786327
3.0091894419454,3.01025371552866,0.00113135899360373
2.98814215784114,2.99157073637223,-0.00974560945241039
2.98962532203871,2.99221936624158,-0.00327203503568426
3.02037450897988,3.01952788186924,0.00301902096125566
2.98693075320207,2.98884206485697,-0.00949248614858472
2.9776690015053,2.98345808392161,-0.00688806915456404
3.0103763123529,3.01024279422766,-0.00412264044615682
2.9947409525475,2.99414262004522,0.00284103118377859
3.00458007548282,3.00015114804921,0.00521702957237
3.01283369355476,3.01345619143881,-0.00340037439152731
3.01050068495408,3.01028900104968,-0.00592640723333658
2.98945639075661,2.99159508091226,-2.1288824765137e-05
2.98104383216107,2.98411110359629,-0.00976278583133039
2.98631682620851,2.99043917696759,-0.00857000868677675
2.99370729910838,2.99147063384843,-0.000968357508159847
2.99460691008881,2.99304475483764,0.00200727086854777
3.00559847153738,2.99993895061386,0.00858165873589576
3.00775568032379,3.01254371540697,-0.0143675847484431
3.01537818674114,3.01589279224621,-0.00753280763821926
3.01444087025052,3.01470556245317,-0.00266979491121221
3.00912346787698,3.01042714927735,-0.00241733002236565
3.0070808015824,3.00569915183823,-0.000578868857673242
3.02114398231647,3.01376023951333,0.00637479608784153
3.00730460375765,3.00659734865872,0.00230066983202503
2.99806051344545,2.99762426116011,0.0042385229931437
3.00186756105808,3.00153550620574,0.003016829540229
3.01681292183142,3.01090906057258,0.0102328714458371
3.01786051121445,3.01789788586284,0.00131003732296315
2.98527784921866,2.98767537941746,0.000869248362470476
2.99925220469946,3.00266390179913,-0.00512053999853462
2.99625606698133,2.99764446392359,0.00291958415960918
3.02461212376782,3.02305835417303,0.00910391433422939
3.00107593754807,2.99938184905156,0.000355950385506595
3.01307302584034,3.01181067593271,-0.00393770665646494
3.00868820817705,3.00701504125716,0.00584499205222622
2.9753078347441,2.98069295366461,-0.00298407637725885
3.01065083132055,3.01213744564996,-0.0012556804465343
2.95638417132123,2.96116377054925,-0.00647810195349178
2.97809341907908,2.98008917161028,-0.00761958615817152
2.99073295625151,2.99521383819996,-0.00836085879530259
3.01019247095632,3.01005628494817,0.00287573737547705
2.99734284319193,2.99763604301129,0.00323195488276859
2.99004577396578,2.99017460594645,-0.0034066202514452
3.03254361361719,3.03198616700189,0.00611288590981606
2.9986664015908,2.99809860280942,0.00124376591072004
2.99224127418018,2.99175267682492,-0.00850747815815747
2.98529686810261,2.98839368144413,0.0024979887702448
2.99902770997831,2.99738382257238,-0.00336414240566775
2.98400750557346,2.98610127536971,-0.00380587344094607
3.00739375856491,3.00540387390056,0.00310665032195767
3.02367157470045,3.01794697545767,0.00668671944775602
3.01250676370983,3.01276288664651,-0.000801947300755717
3.00928084101531,3.01093286845679,-0.00972525639263187
2.98976085814056,2.99455479730619,-0.00917052515016255
2.99689102872063,2.99516532961528,0.000144280418073872
2.99870012432854,3.00006272763063,-0.00394201339767334
2.98826867264976,2.98871790232611,-0.00133929604181363
2.98352162223015,2.98439787387758,-0.00181930677380844
3.01744008145632,3.01818340100737,-0.00707368202847326
2.99088347217959,2.99255651701371,-0.00260981011729387
3.00473996704384,2.99974090318797,0.00944474363119656
3.00508886988006,3.00421179620464,0.000503090289469553
2.99074489765921,2.99474129321262,-0.00365233272334311
3.01285384973008,3.01277456430666,-0.00423566590556156
3.0077033232033,3.00584512176436,0.0053312543426594
3.00759966396264,3.00554366319141,0.00575907304679964
2.99149996460675,2.99847406776999,-0.0136024737038168
3.00041334229657,2.9977658007246,0.00923800063479479
2.9690400810493,2.96899071869433,0.000978341360037314
3.0136799131944,3.00734843915114,0.00784085484805749
3.00396703157153,3.00208470344543,-0.00308861217025907
3.01852599116684,3.02357145363104,-0.00574460890798735
2.9980792290926,3.00117149892315,-0.00838246870399048
2.97865100243148,2.97435925572224,0.00782451219608774
2.97968680496478,2.98405069124198,-0.0147686669386398
3.01876583932605,3.02656928159865,-0.0157673049330178
2.99733678098937,3.00065440552903,-0.00588371645913416
3.00613240124803,3.00428127584822,0.0035147346669657
3.00501109057534,3.0068185945377,-0.00684798003982623
2.98519513686552,2.98903664615933,-0.00326934246082708
2.99958927002495,3.00433758284331,-0.00467824449377772
2.98243122079431,2.98091245743421,0.0135215477221517
2.97998664809304,2.98175444007427,-0.000821648795935084
3.00436196128364,3.00620449689357,-5.07394146101085e-05
2.98117940507671,2.97904471033037,0.00802909231014401
3.00973547237851,3.00648849650481,0.00500253451091462
2.97572553438022,2.97839151263177,0.00190428986714155
3.02297244635521,3.02189198644525,-0.00376403174303535
3.00822002549514,3.00695666857761,0.00278531433844206
2.9671438908933,2.96471043627909,0.00162833707762193
2.99173121444774,2.99538352188332,-0.00620262912284871
3.00139007910723,2.99906534865659,0.0111556049944182
2.99497807559588,2.99285164261824,0.00456842294671367
3.00614975565697,3.01193791761372,-0.00968788976451713
2.9874995299972,2.98515595411328,0.0105743943773401
3.02889889853652,3.02840215914734,-0.00591748752529547
2.97272689512885,2.97018197951135,-0.00223814109970497
2.99378542391839,2.9919783882729,0.00534723685934829
2.98810816572168,2.98750166022364,0.00230726343564997
3.00522375407275,3.00711928879371,-0.00224343010219604
3.00792178292042,3.01048258561917,-0.00316359237452321
3.01418381003716,3.0158675542309,-0.00258367466300516
2.98221956257365,2.9826394568614,-0.0125932608096286
3.01165559162532,3.00770179028427,0.0111519821926899
2.9820568061225,2.98101961989962,-0.00916600469434408
3.00267716625312,3.00498765202581,-0.0112695869091619
2.98213723830252,2.98158547363027,-0.00223569540867368
3.00108056784841,3.00260862241055,-0.0019197997148358
2.98893596602234,2.98818970043793,-0.00204375489318772
3.01184258953053,3.01241687458762,0.00240995729315124
2.99114908755296,2.99247420069505,-0.00367543957417963
2.98421444750946,2.98299662499587,0.00620480301364445
3.00130603453533,2.99944475751104,0.00522797871055768
3.00324219310778,3.00029586378403,0.00402469383245261
3.0218945526739,3.02247650668168,0.000225290093508121
3.01556004531096,3.01395170826388,0.00406140071636676
2.99565647386188,2.99959336657647,-0.0116422885950382
3.00177612206943,3.00364252313861,-0.00455442914642085
3.04153498809785,3.03764447275236,0.00160931480284398
3.01647984473208,3.01519821491137,0.00638046939493954
3.00656679796906,3.00688953330166,0.00108696357914386
3.00975458417354,3.00836808200724,0.00798830487106872
3.03063795017901,3.02996505071723,0.00531272861702853
2.98638887238048,2.98597660129082,-0.000445259011203377
3.01136180910627,3.01408834038493,-0.0044327298413142
2.99341406477597,2.99812387451992,-0.000679857471711668
2.97769071602543,2.97165450330793,0.0178376271860807
2.97549685150435,2.97958868847836,-0.00470251445633415
3.00938846175608,3.0075030521406,0.00461728295141064
2.98893126607949,2.98782793533591,-0.00285633595936978
3.0046719252271,3.00326784209711,0.00631804521991785
2.98517209686189,2.9858866344785,0.000487914400654671
3.01373354420113,3.01531725454948,-0.00537914363204289
2.99565563542901,2.9973452530903,-0.00538586322516458
2.98878640519569,2.99025328070833,0.00747044993633049
2.98234663654124,2.98438646851954,-0.0104723381616301
3.01254605063277,3.01046232055362,0.00165019002939943
3.03023425733782,3.02285202425783,0.0169823070192786
2.9926895282101,2.99319550630412,0.00303169669207923
2.98695653798063,2.98697430876237,-0.0102573465282593
2.98294936114586,2.98586227197135,-0.000946834128905702
2.99647201671015,2.99839583503662,0.00262207848705406
2.99816172742132,2.99664624386511,-0.00427825123130039
2.99814239686062,2.99404991716546,0.00470810563133807
2.98536481789326,2.9862497260017,-0.00145400151987654
3.00824732508031,3.00687380729338,0.000935234790809328
2.99144569441831,2.99545580492945,-0.00123642820779496
2.99774016347874,2.99057079250627,0.0118297600846537
3.01039868899667,3.00581119895768,0.00342404885543064
2.99545325054008,2.99891085191872,-0.00377473133682132
2.98759524689881,2.98602215166965,-0.00656467645901868
2.98235303770036,2.97956353432809,0.00919286628687085
2.9860527510623,2.98501982158325,-0.0033616507541348
2.9936667910561,2.99416398862256,9.69068554831907e-05
2.99827993084045,2.99959701664954,-0.00533209157932143
3.01492651924563,3.01475641499455,0.00347996901026301
3.02695655948846,3.0307998156549,-0.00986278214902522
3.00000100426436,3.00047605961502,-0.000499140735215455
3.02465894273056,3.02177524303526,0.00195542465415614
2.98897278867926,2.99333941969644,-0.00335774914918098
2.99051242943157,2.99880123928525,-0.0126254161709989
3.01427400257246,3.01480444420426,-0.00532184868601542
3.007090468162,3.00622813151063,0.00627783111795761
3.00834720766265,3.00785812352205,0.00201868032091737
3.00633964691811,3.00637443340612,-0.000976583131610819
2.99983409434188,3.0020918025977,-0.00278225564515828
3.00645670288361,3.00995342523396,-0.00886064639182264
2.99099616789724,2.99057399090897,0.00600005920550708
2.99128251589469,2.98984353967497,0.00454359479287919
2.99924067005374,3.00176202674295,-0.00170307187499539
3.00486399887061,3.00602173763395,-0.000685430020321968
2.99947481058024,2.99718312959549,0.00462424517836544
2.98012719277408,2.98391664861197,-0.00388071995054968
2.97995007896944,2.97834033274594,0.00142023653866522
2.99696800674319,2.99765209771462,0.00648465332425385
3.02080457191616,3.01488495728854,0.00750660766550557
2.96397524654016,2.96617313226485,-0.00595841651347267
2.9934159500726,2.99430049614999,-6.7164553993645e-05
2.99835302159601,2.99724346027236,0.000317269304498152
2.97969433943115,2.97836538814081,0.00186895040875959
2.97650261132936,2.97720952751158,0.00279056541080472
3.00569625964345,3.00393028156603,0.0133914196912909
2.99305748553347,2.9990591683229,-0.0084337585391125
3.00843667853852,3.00967134132484,-0.00298785214389194
2.99313202340068,2.99867727234063,-0.0045070346732341
3.01809036576523,3.01854230386106,0.00416893174074638
3.01197347860928,3.00324194473621,0.00799699982458226
3.02482610771375,3.02592068584143,0.00364133480433499
3.00915267651336,3.0037022867599,0.00711284698851054
2.98959723722177,2.99359434093799,-0.00526050574982605
2.98097642675257,2.97812938999614,0.00750491219879937
2.97715813966983,2.98403291222078,-0.00918396518027604
3.01142880867561,3.00886336414487,-0.00193728949760403
3.00868188060993,3.01222442585104,-0.00236638266243979
2.96866411229273,2.96716150782192,0.000509354368956595
3.01629488136061,3.01473875582967,-0.000303475497701328
2.98198657689276,2.97738218688485,0.00040662366081401
2.98028875730013,2.97764746326001,0.00501672452918485
3.02211082563681,3.02563128449394,-0.00136852925283215
2.97940173868805,2.97882055849318,0.00551251873775165
3.00819692562708,3.01065707124076,-0.00199801623441789
3.00623742061462,3.00110714269174,0.00430265952312065
2.98242870655358,2.98475283245017,-0.000538985250557367
3.02508737958984,3.02317141620781,0.00595417860121785
3.00465067808417,2.99923243361523,0.00707713268122994
2.08000064732998,2,0
