"DB","OR","OR00000","OR00001","OR00010","OR00011","OR00100","OR00101","OR00110","OR00111","OR01000","OR01001","OR01010","OR01011","OR01100","OR01101","OR01110","OR01111","OR10000","OR10001","OR10010","OR10011","OR10100","OR10101","OR10110","OR10111","OR11000","OR11001","OR11010","OR11011","OR11100","OR11101","OR11110","OR11111"
0.535795623185613,0.863764903214553,0.865468816930038,0.865468816930038,0.865468816930038,0.865468816930038,0.863764903214553,0.863764903214553,0.863764903214553,0.863764903214553,NA,NA,NA,NA,NA,NA,NA,NA,NA,NA,NA,NA,NA,NA,NA,NA,NA,NA,NA,NA,NA,NA,NA,NA
0.297872127742767,0.924260974900378,0.922463800499857,0.920778173317152,0.928471689913332,0.92680539110193,0.920778173317152,0.918330672446663,0.92680539110193,0.924260974900378,NA,NA,NA,NA,NA,NA,NA,NA,NA,NA,NA,NA,NA,NA,NA,NA,NA,NA,NA,NA,NA,NA,NA,NA
0.320262057399468,0.918567956701266,0.914048585676219,0.918567956701266,0.914048585676219,0.918567956701266,0.914048585676219,0.918567956701266,0.914048585676219,0.918567956701266,NA,NA,NA,NA,NA,NA,NA,NA,NA,NA,NA,NA,NA,NA,NA,NA,NA,NA,NA,NA,NA,NA,NA,NA
0.0918882079995629,0.976728254674645,0.966872411162927,0.966872411162927,0.966872411162927,0.966872411162927,0.976728254674645,0.976728254674645,0.976728254674645,0.976728254674645,NA,NA,NA,NA,NA,NA,NA,NA,NA,NA,NA,NA,NA,NA,NA,NA,NA,NA,NA,NA,NA,NA,NA,NA
0.0991867138041882,0.974879824151964,0.948671752467691,0.952242479695411,0.957443453310933,0.961796458443102,0.952242479695411,0.965553401075276,0.961796458443102,0.974879824151964,NA,NA,NA,NA,NA,NA,NA,NA,NA,NA,NA,NA,NA,NA,NA,NA,NA,NA,NA,NA,NA,NA,NA,NA
-0.282600074042235,0.97157169461051,0.961470134302699,0.97157169461051,0.961470134302699,0.97157169461051,0.961470134302699,0.97157169461051,0.961470134302699,0.97157169461051,NA,NA,NA,NA,NA,NA,NA,NA,NA,NA,NA,NA,NA,NA,NA,NA,NA,NA,NA,NA,NA,NA,NA,NA
0.767680928663211,0.886707657877362,0.886707657877362,0.886707657877362,0.886707657877362,0.886707657877362,0.884710951914256,0.884710951914256,0.884710951914256,0.884710951914256,NA,NA,NA,NA,NA,NA,NA,NA,NA,NA,NA,NA,NA,NA,NA,NA,NA,NA,NA,NA,NA,NA,NA,NA
0.460871391888277,0.931985806270759,0.926257409164496,0.924031288801256,0.934129399886745,0.931985806270759,0.924031288801256,0.92109089097964,0.931985806270759,0.929143627814054,NA,NA,NA,NA,NA,NA,NA,NA,NA,NA,NA,NA,NA,NA,NA,NA,NA,NA,NA,NA,NA,NA,NA,NA
0.37385106575777,0.944828038233937,0.940207877404275,0.944828038233937,0.940207877404275,0.944828038233937,0.940207877404275,0.944828038233937,0.940207877404275,0.944828038233937,NA,NA,NA,NA,NA,NA,NA,NA,NA,NA,NA,NA,NA,NA,NA,NA,NA,NA,NA,NA,NA,NA,NA,NA
-0.311943543808182,0.976810294988142,0.964576809501012,0.964576809501012,0.964576809501012,0.964576809501012,0.976810294988142,0.976810294988142,0.976810294988142,0.976810294988142,NA,NA,NA,NA,NA,NA,NA,NA,NA,NA,NA,NA,NA,NA,NA,NA,NA,NA,NA,NA,NA,NA,NA,NA
0.107621519406684,0.973500194561874,0.940011941273292,0.950873966435096,0.953093399722562,0.962151712402059,0.950873966435096,0.960703821109198,0.962151712402059,0.973500194561874,NA,NA,NA,NA,NA,NA,NA,NA,NA,NA,NA,NA,NA,NA,NA,NA,NA,NA,NA,NA,NA,NA,NA,NA
0.088414482257088,0.978229571644758,0.965784635638242,0.978229571644758,0.965784635638242,0.978229571644758,0.965784635638242,0.978229571644758,0.965784635638242,0.978229571644758,NA,NA,NA,NA,NA,NA,NA,NA,NA,NA,NA,NA,NA,NA,NA,NA,NA,NA,NA,NA,NA,NA,NA,NA
0.31837957127551,0.953414437445146,0.942553801141262,0.942553801141262,0.942553801141262,0.942553801141262,0.953414437445146,0.953414437445146,0.953414437445146,0.953414437445146,NA,NA,NA,NA,NA,NA,NA,NA,NA,NA,NA,NA,NA,NA,NA,NA,NA,NA,NA,NA,NA,NA,NA,NA
0.274607738857215,0.959819168216953,0.93748802339356,0.949203942047427,0.951619885693564,0.959819168216953,0.949203942047427,0.960089866731284,0.959819168216953,0.972342470959249,NA,NA,NA,NA,NA,NA,NA,NA,NA,NA,NA,NA,NA,NA,NA,NA,NA,NA,NA,NA,NA,NA,NA,NA
0.318109767642903,0.953453915336123,0.953453915336123,0.9663815621674,0.953453915336123,0.9663815621674,0.953453915336123,0.9663815621674,0.953453915336123,0.9663815621674,NA,NA,NA,NA,NA,NA,NA,NA,NA,NA,NA,NA,NA,NA,NA,NA,NA,NA,NA,NA,NA,NA,NA,NA
0.114308634208469,0.971429302363293,0.958616374111674,0.958616374111674,0.958616374111674,0.958616374111674,0.971429302363293,0.971429302363293,0.971429302363293,0.971429302363293,NA,NA,NA,NA,NA,NA,NA,NA,NA,NA,NA,NA,NA,NA,NA,NA,NA,NA,NA,NA,NA,NA,NA,NA
0.115508792454801,0.971129330636663,0.936849458167976,0.948034509833734,0.950036412888422,0.958977562762028,0.948034509833734,0.959043288653026,0.958977562762028,0.971129330636663,NA,NA,NA,NA,NA,NA,NA,NA,NA,NA,NA,NA,NA,NA,NA,NA,NA,NA,NA,NA,NA,NA,NA,NA
0.113965419266905,0.971515086699601,0.959100398885412,0.971515086699601,0.959100398885412,0.971515086699601,0.959100398885412,0.971515086699601,0.959100398885412,0.971515086699601,NA,NA,NA,NA,NA,NA,NA,NA,NA,NA,NA,NA,NA,NA,NA,NA,NA,NA,NA,NA,NA,NA,NA,NA
0.296512603428584,0.955940347906863,0.944978794627469,0.944978794627469,0.944978794627469,0.944978794627469,0.955940347906863,0.955940347906863,0.955940347906863,0.955940347906863,NA,NA,NA,NA,NA,NA,NA,NA,NA,NA,NA,NA,NA,NA,NA,NA,NA,NA,NA,NA,NA,NA,NA,NA
0.250623853162234,0.962759087981806,0.94280503018818,0.951484413062994,0.954825584303757,0.962383995406391,0.951484413062994,0.962759087981806,0.962383995406391,0.974717842364296,NA,NA,NA,NA,NA,NA,NA,NA,NA,NA,NA,NA,NA,NA,NA,NA,NA,NA,NA,NA,NA,NA,NA,NA
0.2674671603282,0.960256293006992,0.948639616584018,0.960256293006992,0.948639616584018,0.960256293006992,0.948639616584018,0.960256293006992,0.948639616584018,0.960256293006992,NA,NA,NA,NA,NA,NA,NA,NA,NA,NA,NA,NA,NA,NA,NA,NA,NA,NA,NA,NA,NA,NA,NA,NA
0.653869262806935,0.905709702785061,0.905709702785061,0.905709702785061,0.905709702785061,0.905709702785061,0.910616815463659,0.910616815463659,0.910616815463659,0.910616815463659,NA,NA,NA,NA,NA,NA,NA,NA,NA,NA,NA,NA,NA,NA,NA,NA,NA,NA,NA,NA,NA,NA,NA,NA
0.569797711733766,0.917833122540228,0.910109904208233,0.911727357369816,0.916279569855811,0.917833122540228,0.911727357369816,0.905022758170035,0.917833122540228,0.911046548824081,NA,NA,NA,NA,NA,NA,NA,NA,NA,NA,NA,NA,NA,NA,NA,NA,NA,NA,NA,NA,NA,NA,NA,NA
1.06140603467955,0.846941435897998,0.852013896701659,0.846941435897998,0.852013896701659,0.846941435897998,0.852013896701659,0.846941435897998,0.852013896701659,0.846941435897998,NA,NA,NA,NA,NA,NA,NA,NA,NA,NA,NA,NA,NA,NA,NA,NA,NA,NA,NA,NA,NA,NA,NA,NA
-2.29726572921692,0.901237752618323,0.901237752618323,0.901237752618323,0.901237752618323,0.901237752618323,0.904369885531398,0.904369885531398,0.904369885531398,0.904369885531398,NA,NA,NA,NA,NA,NA,NA,NA,NA,NA,NA,NA,NA,NA,NA,NA,NA,NA,NA,NA,NA,NA,NA,NA
0.894415896800658,0.921650223850295,0.919863585835421,0.921650223850295,0.922350393069377,0.924109923355367,0.921650223850295,0.914053909113253,0.924109923355367,0.916157672438578,NA,NA,NA,NA,NA,NA,NA,NA,NA,NA,NA,NA,NA,NA,NA,NA,NA,NA,NA,NA,NA,NA,NA,NA
-0.281747758636251,0.924680747037543,0.921521035012855,0.924680747037543,0.921521035012855,0.924680747037543,0.921521035012855,0.924680747037543,0.921521035012855,0.924680747037543,NA,NA,NA,NA,NA,NA,NA,NA,NA,NA,NA,NA,NA,NA,NA,NA,NA,NA,NA,NA,NA,NA,NA,NA
0.314347467067832,0.95453390653592,0.951830127869087,0.951830127869087,0.951830127869087,0.951830127869087,0.95453390653592,0.95453390653592,0.95453390653592,0.95453390653592,NA,NA,NA,NA,NA,NA,NA,NA,NA,NA,NA,NA,NA,NA,NA,NA,NA,NA,NA,NA,NA,NA,NA,NA
0.467215196827307,0.932423664790641,0.937131369392988,0.935350687837665,0.946375368135421,0.944449748729268,0.935350687837665,0.932423664790641,0.944449748729268,0.941183541307371,NA,NA,NA,NA,NA,NA,NA,NA,NA,NA,NA,NA,NA,NA,NA,NA,NA,NA,NA,NA,NA,NA,NA,NA
0.387096716791439,0.944011715222505,0.940271542426418,0.944011715222505,0.940271542426418,0.944011715222505,0.940271542426418,0.944011715222505,0.940271542426418,0.944011715222505,NA,NA,NA,NA,NA,NA,NA,NA,NA,NA,NA,NA,NA,NA,NA,NA,NA,NA,NA,NA,NA,NA,NA,NA
0.157443055988287,0.960481643939806,0.948697020173963,0.948697020173963,0.948697020173963,0.948697020173963,0.960481643939806,0.960481643939806,0.960481643939806,0.960481643939806,NA,NA,NA,NA,NA,NA,NA,NA,NA,NA,NA,NA,NA,NA,NA,NA,NA,NA,NA,NA,NA,NA,NA,NA
0.179356746693635,0.954981286833225,0.921777065576858,0.932641114059262,0.934324241557463,0.943349813905297,0.932641114059262,0.942846445076548,0.943349813905297,0.954981286833225,NA,NA,NA,NA,NA,NA,NA,NA,NA,NA,NA,NA,NA,NA,NA,NA,NA,NA,NA,NA,NA,NA,NA,NA
0.115038240946159,0.971125292648112,0.95933285813,0.971125292648112,0.95933285813,0.971125292648112,0.95933285813,0.971125292648112,0.95933285813,0.971125292648112,NA,NA,NA,NA,NA,NA,NA,NA,NA,NA,NA,NA,NA,NA,NA,NA,NA,NA,NA,NA,NA,NA,NA,NA
0.663797351240305,0.94248158028806,0.94248158028806,0.94248158028806,0.94248158028806,0.94248158028806,0.947075478263937,0.947075478263937,0.947075478263937,0.947075478263937,NA,NA,NA,NA,NA,NA,NA,NA,NA,NA,NA,NA,NA,NA,NA,NA,NA,NA,NA,NA,NA,NA,NA,NA
0.926447154732312,0.919722824763826,0.921756392067663,0.919722824763826,0.922790759850059,0.920901788783558,0.919722824763826,0.916858216137505,0.920901788783558,0.917991250795436,NA,NA,NA,NA,NA,NA,NA,NA,NA,NA,NA,NA,NA,NA,NA,NA,NA,NA,NA,NA,NA,NA,NA,NA
-0.550518292337851,0.947702700699937,0.941672963473923,0.947702700699937,0.941672963473923,0.947702700699937,0.941672963473923,0.947702700699937,0.941672963473923,0.947702700699937,NA,NA,NA,NA,NA,NA,NA,NA,NA,NA,NA,NA,NA,NA,NA,NA,NA,NA,NA,NA,NA,NA,NA,NA
0.356724323325092,0.97041196512054,0.967275801169838,0.967275801169838,0.967275801169838,0.967275801169838,0.97041196512054,0.97041196512054,0.97041196512054,0.97041196512054,NA,NA,NA,NA,NA,NA,NA,NA,NA,NA,NA,NA,NA,NA,NA,NA,NA,NA,NA,NA,NA,NA,NA,NA
-11.5033495146072,0.954130358973708,0.956000295706166,0.954130358973708,0.959782706526393,0.958005209605795,0.954130358973708,0.952002581360777,0.958005209605795,0.955684716714759,NA,NA,NA,NA,NA,NA,NA,NA,NA,NA,NA,NA,NA,NA,NA,NA,NA,NA,NA,NA,NA,NA,NA,NA
0.827057845829042,0.931400763027252,0.931400763027252,0.94564398976163,0.931400763027252,0.94564398976163,0.931400763027252,0.94564398976163,0.931400763027252,0.94564398976163,NA,NA,NA,NA,NA,NA,NA,NA,NA,NA,NA,NA,NA,NA,NA,NA,NA,NA,NA,NA,NA,NA,NA,NA
0.347261763513681,0.967580617561018,0.962962086457821,0.962962086457821,0.962962086457821,0.962962086457821,0.962962086457821,0.962962086457821,0.962962086457821,0.962962086457821,0.967580617561018,0.967580617561018,0.967580617561018,0.967580617561018,0.967580617561018,0.967580617561018,0.967580617561018,0.967580617561018,NA,NA,NA,NA,NA,NA,NA,NA,NA,NA,NA,NA,NA,NA,NA,NA
0.294371709208811,0.97251828441031,0.951634396635365,0.961320730721768,0.961320730721768,0.970314118361339,0.9582412400689,0.972230642236716,0.972230642236716,0.975647859635465,0.961320730721768,0.970314118361339,0.970314118361339,0.97251828441031,0.972230642236716,0.975647859635465,0.975647859635465,0.981415367461894,NA,NA,NA,NA,NA,NA,NA,NA,NA,NA,NA,NA,NA,NA,NA,NA
0.460189923955624,0.957037961829346,0.954719227407938,0.954719227407938,0.957037961829346,0.957037961829346,0.954719227407938,0.954719227407938,0.957037961829346,0.957037961829346,0.954719227407938,0.954719227407938,0.957037961829346,0.957037961829346,0.954719227407938,0.954719227407938,0.957037961829346,0.957037961829346,NA,NA,NA,NA,NA,NA,NA,NA,NA,NA,NA,NA,NA,NA,NA,NA
0.433382371871666,0.959540639562907,0.956142180064406,0.959540639562907,0.956142180064406,0.959540639562907,0.956142180064406,0.959540639562907,0.956142180064406,0.959540639562907,0.956142180064406,0.959540639562907,0.956142180064406,0.959540639562907,0.956142180064406,0.959540639562907,0.956142180064406,0.959540639562907,NA,NA,NA,NA,NA,NA,NA,NA,NA,NA,NA,NA,NA,NA,NA,NA
1.1965331971886,0.938478711078669,0.938478711078669,0.938478711078669,0.938478711078669,0.938478711078669,0.946862965535787,0.946862965535787,0.946862965535787,0.946862965535787,NA,NA,NA,NA,NA,NA,NA,NA,NA,NA,NA,NA,NA,NA,NA,NA,NA,NA,NA,NA,NA,NA,NA,NA
-0.999420459407383,0.951386460863755,0.951386460863755,0.956842851040015,0.960034803556351,0.967555226255254,0.956842851040015,0.969552188686884,0.967555226255254,0.979625613318495,NA,NA,NA,NA,NA,NA,NA,NA,NA,NA,NA,NA,NA,NA,NA,NA,NA,NA,NA,NA,NA,NA,NA,NA
1.00732301800859,0.948207195108649,0.948207195108649,0.958014664269879,0.948207195108649,0.958014664269879,0.948207195108649,0.958014664269879,0.948207195108649,0.958014664269879,NA,NA,NA,NA,NA,NA,NA,NA,NA,NA,NA,NA,NA,NA,NA,NA,NA,NA,NA,NA,NA,NA,NA,NA
-0.891923305133732,0.935320235435691,0.934135424291325,0.934135424291325,0.934135424291325,0.934135424291325,0.935320235435691,0.935320235435691,0.935320235435691,0.935320235435691,NA,NA,NA,NA,NA,NA,NA,NA,NA,NA,NA,NA,NA,NA,NA,NA,NA,NA,NA,NA,NA,NA,NA,NA
-0.953931226239388,0.944727911740825,0.948908354956372,0.947557455590957,0.953215140965947,0.951864518378804,0.947557455590957,0.944727911740825,0.951864518378804,0.94876953703355,NA,NA,NA,NA,NA,NA,NA,NA,NA,NA,NA,NA,NA,NA,NA,NA,NA,NA,NA,NA,NA,NA,NA,NA
0.429777359889051,0.934795325935506,0.924805984082286,0.934795325935506,0.924805984082286,0.934795325935506,0.924805984082286,0.934795325935506,0.924805984082286,0.934795325935506,NA,NA,NA,NA,NA,NA,NA,NA,NA,NA,NA,NA,NA,NA,NA,NA,NA,NA,NA,NA,NA,NA,NA,NA
0.343276470416059,0.950000908582069,0.940553836411767,0.940553836411767,0.940553836411767,0.940553836411767,0.950000908582069,0.950000908582069,0.950000908582069,0.950000908582069,NA,NA,NA,NA,NA,NA,NA,NA,NA,NA,NA,NA,NA,NA,NA,NA,NA,NA,NA,NA,NA,NA,NA,NA
0.317586955595162,0.953742651785311,0.935239172652188,0.944227300926981,0.945969935294266,0.953742651785311,0.944227300926981,0.955329976446785,0.953742651785311,0.965776123422728,NA,NA,NA,NA,NA,NA,NA,NA,NA,NA,NA,NA,NA,NA,NA,NA,NA,NA,NA,NA,NA,NA,NA,NA
0.32820565343799,0.952196011424148,0.952196011424148,0.962746085944995,0.952196011424148,0.962746085944995,0.952196011424148,0.962746085944995,0.952196011424148,0.962746085944995,NA,NA,NA,NA,NA,NA,NA,NA,NA,NA,NA,NA,NA,NA,NA,NA,NA,NA,NA,NA,NA,NA,NA,NA
0.820538310581093,0.92586691898684,0.919526644279171,0.919526644279171,0.919526644279171,0.919526644279171,0.919526644279171,0.919526644279171,0.919526644279171,0.919526644279171,0.92586691898684,0.92586691898684,0.92586691898684,0.92586691898684,0.92586691898684,0.92586691898684,0.92586691898684,0.92586691898684,NA,NA,NA,NA,NA,NA,NA,NA,NA,NA,NA,NA,NA,NA,NA,NA
0.822073085034702,0.925728256894602,0.928342866181055,0.927624324256576,0.927624324256576,0.928046983782558,0.93169446480667,0.930636908509904,0.930636908509904,0.93017218158175,0.927624324256576,0.928046983782558,0.928046983782558,0.925728256894602,0.930636908509904,0.93017218158175,0.93017218158175,0.92819230991363,NA,NA,NA,NA,NA,NA,NA,NA,NA,NA,NA,NA,NA,NA,NA,NA
-3.56761260660467,0.922322712470127,0.919741851476529,0.919741851476529,0.922322712470127,0.922322712470127,0.919741851476529,0.919741851476529,0.922322712470127,0.922322712470127,0.919741851476529,0.919741851476529,0.922322712470127,0.922322712470127,0.919741851476529,0.919741851476529,0.922322712470127,0.922322712470127,NA,NA,NA,NA,NA,NA,NA,NA,NA,NA,NA,NA,NA,NA,NA,NA
0.675582556953747,0.938963219901016,0.928799400814318,0.938963219901016,0.928799400814318,0.938963219901016,0.928799400814318,0.938963219901016,0.928799400814318,0.938963219901016,0.928799400814318,0.938963219901016,0.928799400814318,0.938963219901016,0.928799400814318,0.938963219901016,0.928799400814318,0.938963219901016,NA,NA,NA,NA,NA,NA,NA,NA,NA,NA,NA,NA,NA,NA,NA,NA
0.39872176788378,0.934990981423154,0.932947084151382,0.932947084151382,0.932947084151382,0.932947084151382,0.932947084151382,0.932947084151382,0.932947084151382,0.932947084151382,0.934990981423154,0.934990981423154,0.934990981423154,0.934990981423154,0.934990981423154,0.934990981423154,0.934990981423154,0.934990981423154,NA,NA,NA,NA,NA,NA,NA,NA,NA,NA,NA,NA,NA,NA,NA,NA
0.384766509182517,0.937266296555734,0.943517478812595,0.940080987742568,0.940080987742568,0.939159770072177,0.944543327082673,0.94065510871857,0.94065510871857,0.939000860101872,0.940080987742568,0.939159770072177,0.939159770072177,0.9371559314358,0.94065510871857,0.939000860101872,0.939000860101872,0.937266296555734,NA,NA,NA,NA,NA,NA,NA,NA,NA,NA,NA,NA,NA,NA,NA,NA
0.339131519903556,0.944706787907726,0.941222203841176,0.941222203841176,0.944706787907726,0.944706787907726,0.941222203841176,0.941222203841176,0.944706787907726,0.944706787907726,0.941222203841176,0.941222203841176,0.944706787907726,0.944706787907726,0.941222203841176,0.941222203841176,0.944706787907726,0.944706787907726,NA,NA,NA,NA,NA,NA,NA,NA,NA,NA,NA,NA,NA,NA,NA,NA
0.355452874918217,0.942045695996494,0.938662302200907,0.942045695996494,0.938662302200907,0.942045695996494,0.938662302200907,0.942045695996494,0.938662302200907,0.942045695996494,0.938662302200907,0.942045695996494,0.938662302200907,0.942045695996494,0.938662302200907,0.942045695996494,0.938662302200907,0.942045695996494,NA,NA,NA,NA,NA,NA,NA,NA,NA,NA,NA,NA,NA,NA,NA,NA
0.267120660976484,0.933739957786924,0.929107186997658,0.929107186997658,0.929107186997658,0.929107186997658,0.933739957786924,0.933739957786924,0.933739957786924,0.933739957786924,NA,NA,NA,NA,NA,NA,NA,NA,NA,NA,NA,NA,NA,NA,NA,NA,NA,NA,NA,NA,NA,NA,NA,NA
0.304564777956105,0.924451837719269,0.927967187502411,0.926006045619242,0.929122888063381,0.927317624811696,0.926006045619242,0.923245154155751,0.927317624811696,0.924451837719269,NA,NA,NA,NA,NA,NA,NA,NA,NA,NA,NA,NA,NA,NA,NA,NA,NA,NA,NA,NA,NA,NA,NA,NA
0.259630214048572,0.935597984522198,0.927110335205705,0.935597984522198,0.927110335205705,0.935597984522198,0.927110335205705,0.935597984522198,0.927110335205705,0.935597984522198,NA,NA,NA,NA,NA,NA,NA,NA,NA,NA,NA,NA,NA,NA,NA,NA,NA,NA,NA,NA,NA,NA,NA,NA
0.898485217524304,0.921588129907889,0.918756161476489,0.918756161476489,0.918756161476489,0.918756161476489,0.921588129907889,0.921588129907889,0.921588129907889,0.921588129907889,NA,NA,NA,NA,NA,NA,NA,NA,NA,NA,NA,NA,NA,NA,NA,NA,NA,NA,NA,NA,NA,NA,NA,NA
0.950259623428164,0.91706971612584,0.91960405348021,0.91706971612584,0.923050393628879,0.920628398687991,0.91706971612584,0.914295466234794,0.920628398687991,0.917758239856369,NA,NA,NA,NA,NA,NA,NA,NA,NA,NA,NA,NA,NA,NA,NA,NA,NA,NA,NA,NA,NA,NA,NA,NA
1.2460006914099,0.891260042520544,0.891260042520544,0.90390507330649,0.891260042520544,0.90390507330649,0.891260042520544,0.90390507330649,0.891260042520544,0.90390507330649,NA,NA,NA,NA,NA,NA,NA,NA,NA,NA,NA,NA,NA,NA,NA,NA,NA,NA,NA,NA,NA,NA,NA,NA
0.640595521428032,0.943955902034409,0.943955902034409,0.943955902034409,0.943955902034409,0.943955902034409,0.947747757713943,0.947747757713943,0.947747757713943,0.947747757713943,NA,NA,NA,NA,NA,NA,NA,NA,NA,NA,NA,NA,NA,NA,NA,NA,NA,NA,NA,NA,NA,NA,NA,NA
0.528912117969196,0.953726803321112,0.950979388460155,0.947844373324277,0.953726803321112,0.950580598459508,0.947844373324277,0.9448807767875,0.950580598459508,0.947410396281394,NA,NA,NA,NA,NA,NA,NA,NA,NA,NA,NA,NA,NA,NA,NA,NA,NA,NA,NA,NA,NA,NA,NA,NA
-1.47841054204151,0.929342447951128,0.929342447951128,0.933436116005003,0.929342447951128,0.933436116005003,0.929342447951128,0.933436116005003,0.929342447951128,0.933436116005003,NA,NA,NA,NA,NA,NA,NA,NA,NA,NA,NA,NA,NA,NA,NA,NA,NA,NA,NA,NA,NA,NA,NA,NA
0.312609688026846,0.920688279932337,0.916787512284337,0.916787512284337,0.916787512284337,0.916787512284337,0.920688279932337,0.920688279932337,0.920688279932337,0.920688279932337,NA,NA,NA,NA,NA,NA,NA,NA,NA,NA,NA,NA,NA,NA,NA,NA,NA,NA,NA,NA,NA,NA,NA,NA
0.317606296016633,0.919420598253388,0.924373261972961,0.922072743724239,0.925450727770308,0.922835869753508,0.922072743724239,0.919005728880881,0.922835869753508,0.919420598253388,NA,NA,NA,NA,NA,NA,NA,NA,NA,NA,NA,NA,NA,NA,NA,NA,NA,NA,NA,NA,NA,NA,NA,NA
0.291047259010242,0.926158850422133,0.922914209217538,0.926158850422133,0.922914209217538,0.926158850422133,0.922914209217538,0.926158850422133,0.922914209217538,0.926158850422133,NA,NA,NA,NA,NA,NA,NA,NA,NA,NA,NA,NA,NA,NA,NA,NA,NA,NA,NA,NA,NA,NA,NA,NA
0.38264052364989,0.944370651132873,0.944370651132873,0.944370651132873,0.944370651132873,0.944370651132873,0.956439363854945,0.956439363854945,0.956439363854945,0.956439363854945,NA,NA,NA,NA,NA,NA,NA,NA,NA,NA,NA,NA,NA,NA,NA,NA,NA,NA,NA,NA,NA,NA,NA,NA
0.397782482721488,0.942169270798947,0.929750781613028,0.942499479021179,0.927696298006061,0.942169270798947,0.942499479021179,0.942365952627768,0.942169270798947,0.941606310118779,NA,NA,NA,NA,NA,NA,NA,NA,NA,NA,NA,NA,NA,NA,NA,NA,NA,NA,NA,NA,NA,NA,NA,NA
-2.96302952650811,0.930773514685384,0.921614833484664,0.930773514685384,0.921614833484664,0.930773514685384,0.921614833484664,0.930773514685384,0.921614833484664,0.930773514685384,NA,NA,NA,NA,NA,NA,NA,NA,NA,NA,NA,NA,NA,NA,NA,NA,NA,NA,NA,NA,NA,NA,NA,NA
0.300441552325536,0.955181883855391,0.945179478781909,0.945179478781909,0.945179478781909,0.945179478781909,0.955181883855391,0.955181883855391,0.955181883855391,0.955181883855391,NA,NA,NA,NA,NA,NA,NA,NA,NA,NA,NA,NA,NA,NA,NA,NA,NA,NA,NA,NA,NA,NA,NA,NA
0.314769823975365,0.953044475970287,0.930685451464899,0.943077896833237,0.943950925698146,0.952783252063053,0.943077896833237,0.953044475970287,0.952783252063053,0.965073784709197,NA,NA,NA,NA,NA,NA,NA,NA,NA,NA,NA,NA,NA,NA,NA,NA,NA,NA,NA,NA,NA,NA,NA,NA
0.267912636326199,0.960034357569602,0.950370834989836,0.960034357569602,0.950370834989836,0.960034357569602,0.950370834989836,0.960034357569602,0.950370834989836,0.960034357569602,NA,NA,NA,NA,NA,NA,NA,NA,NA,NA,NA,NA,NA,NA,NA,NA,NA,NA,NA,NA,NA,NA,NA,NA
0.213410270422185,0.968769186943463,0.957548195958639,0.957548195958639,0.957548195958639,0.957548195958639,0.968769186943463,0.968769186943463,0.968769186943463,0.968769186943463,NA,NA,NA,NA,NA,NA,NA,NA,NA,NA,NA,NA,NA,NA,NA,NA,NA,NA,NA,NA,NA,NA,NA,NA
0.185490276947778,0.972855045112398,0.952552195323987,0.962048455057471,0.965079283564901,0.972855045112398,0.962048455057471,0.972876907755705,0.972855045112398,0.985480699216198,NA,NA,NA,NA,NA,NA,NA,NA,NA,NA,NA,NA,NA,NA,NA,NA,NA,NA,NA,NA,NA,NA,NA,NA
0.209354587934201,0.969362702247803,0.969362702247803,0.982044121647197,0.969362702247803,0.982044121647197,0.969362702247803,0.982044121647197,0.969362702247803,0.982044121647197,NA,NA,NA,NA,NA,NA,NA,NA,NA,NA,NA,NA,NA,NA,NA,NA,NA,NA,NA,NA,NA,NA,NA,NA
0.316707793214184,0.955125124899336,0.955125124899336,0.955125124899336,0.955125124899336,0.955125124899336,0.966398074160769,0.966398074160769,0.966398074160769,0.966398074160769,NA,NA,NA,NA,NA,NA,NA,NA,NA,NA,NA,NA,NA,NA,NA,NA,NA,NA,NA,NA,NA,NA,NA,NA
0.315171622275883,0.955342787617042,0.935283556701135,0.942907048199149,0.944904779373588,0.955342787617042,0.942907048199149,0.95389175117456,0.955342787617042,0.965707801111984,NA,NA,NA,NA,NA,NA,NA,NA,NA,NA,NA,NA,NA,NA,NA,NA,NA,NA,NA,NA,NA,NA,NA,NA
0.270699969231219,0.961644053069483,0.949563479646253,0.961644053069483,0.949563479646253,0.961644053069483,0.949563479646253,0.961644053069483,0.949563479646253,0.961644053069483,NA,NA,NA,NA,NA,NA,NA,NA,NA,NA,NA,NA,NA,NA,NA,NA,NA,NA,NA,NA,NA,NA,NA,NA
0.105867773137198,0.973570777149228,0.961823539933277,0.961823539933277,0.961823539933277,0.961823539933277,0.973570777149228,0.973570777149228,0.973570777149228,0.973570777149228,NA,NA,NA,NA,NA,NA,NA,NA,NA,NA,NA,NA,NA,NA,NA,NA,NA,NA,NA,NA,NA,NA,NA,NA
0.137890825840992,0.965576423710115,0.933379138144802,0.94461116067287,0.944187797734077,0.954439578599918,0.94461116067287,0.95444091711627,0.954439578599918,0.965576423710115,NA,NA,NA,NA,NA,NA,NA,NA,NA,NA,NA,NA,NA,NA,NA,NA,NA,NA,NA,NA,NA,NA,NA,NA
-2.25794917184408,0.963682797049749,0.951965861268511,0.963682797049749,0.951965861268511,0.963682797049749,0.951965861268511,0.963682797049749,0.951965861268511,0.963682797049749,NA,NA,NA,NA,NA,NA,NA,NA,NA,NA,NA,NA,NA,NA,NA,NA,NA,NA,NA,NA,NA,NA,NA,NA
0.106080181760311,0.973049603878037,0.961303550782991,0.961303550782991,0.961303550782991,0.961303550782991,0.973049603878037,0.973049603878037,0.973049603878037,0.973049603878037,NA,NA,NA,NA,NA,NA,NA,NA,NA,NA,NA,NA,NA,NA,NA,NA,NA,NA,NA,NA,NA,NA,NA,NA
-0.660986221299966,0.967928084814356,0.934613536426277,0.944839839285187,0.946507445352719,0.955845291199808,0.944839839285187,0.955901153127218,0.955845291199808,0.967928084814356,NA,NA,NA,NA,NA,NA,NA,NA,NA,NA,NA,NA,NA,NA,NA,NA,NA,NA,NA,NA,NA,NA,NA,NA
0.117300856865634,0.970198914580317,0.957604091337598,0.970198914580317,0.957604091337598,0.970198914580317,0.957604091337598,0.970198914580317,0.957604091337598,0.970198914580317,NA,NA,NA,NA,NA,NA,NA,NA,NA,NA,NA,NA,NA,NA,NA,NA,NA,NA,NA,NA,NA,NA,NA,NA
0.11627025098562,0.971157595272035,0.958940420637864,0.958940420637864,0.958940420637864,0.958940420637864,0.971157595272035,0.971157595272035,0.971157595272035,0.971157595272035,NA,NA,NA,NA,NA,NA,NA,NA,NA,NA,NA,NA,NA,NA,NA,NA,NA,NA,NA,NA,NA,NA,NA,NA
-0.700435870785692,0.97375258147274,0.943301913655696,0.95079649542146,0.955701520085314,0.961602860789415,0.95079649542146,0.962105607036728,0.961602860789415,0.97375258147274,NA,NA,NA,NA,NA,NA,NA,NA,NA,NA,NA,NA,NA,NA,NA,NA,NA,NA,NA,NA,NA,NA,NA,NA
0.0996788202299466,0.975273323558631,0.963434886771511,0.975273323558631,0.963434886771511,0.975273323558631,0.963434886771511,0.975273323558631,0.963434886771511,0.975273323558631,NA,NA,NA,NA,NA,NA,NA,NA,NA,NA,NA,NA,NA,NA,NA,NA,NA,NA,NA,NA,NA,NA,NA,NA
0.59723531957942,0.948357913968807,0.948357913968807,0.948357913968807,0.948357913968807,0.948357913968807,0.959565603197967,0.959565603197967,0.959565603197967,0.959565603197967,NA,NA,NA,NA,NA,NA,NA,NA,NA,NA,NA,NA,NA,NA,NA,NA,NA,NA,NA,NA,NA,NA,NA,NA
0.544519681447307,0.952916159990702,0.939471360594495,0.950597052845331,0.952916159990702,0.962066611127769,0.950597052845331,0.959986080434605,0.962066611127769,0.972895166002146,NA,NA,NA,NA,NA,NA,NA,NA,NA,NA,NA,NA,NA,NA,NA,NA,NA,NA,NA,NA,NA,NA,NA,NA
0.465000410631851,0.959792077891005,0.959792077891005,0.970781468464042,0.959792077891005,0.970781468464042,0.959792077891005,0.970781468464042,0.959792077891005,0.970781468464042,NA,NA,NA,NA,NA,NA,NA,NA,NA,NA,NA,NA,NA,NA,NA,NA,NA,NA,NA,NA,NA,NA,NA,NA
0.15864132696553,0.959726354066172,0.948439126613972,0.948439126613972,0.948439126613972,0.948439126613972,0.959726354066172,0.959726354066172,0.959726354066172,0.959726354066172,NA,NA,NA,NA,NA,NA,NA,NA,NA,NA,NA,NA,NA,NA,NA,NA,NA,NA,NA,NA,NA,NA,NA,NA
0.115403187348918,0.970703049477546,0.941963387377859,0.946624257830266,0.953493710480209,0.957204618307879,0.946624257830266,0.959398950655558,0.957204618307879,0.970703049477546,NA,NA,NA,NA,NA,NA,NA,NA,NA,NA,NA,NA,NA,NA,NA,NA,NA,NA,NA,NA,NA,NA,NA,NA
0.100436174904014,0.974502665702543,0.963219374047017,0.974502665702543,0.963219374047017,0.974502665702543,0.963219374047017,0.974502665702543,0.963219374047017,0.974502665702543,NA,NA,NA,NA,NA,NA,NA,NA,NA,NA,NA,NA,NA,NA,NA,NA,NA,NA,NA,NA,NA,NA,NA,NA
0.408056197903979,0.961859428637427,0.954159386248299,0.954159386248299,0.954159386248299,0.954159386248299,0.954159386248299,0.954159386248299,0.954159386248299,0.954159386248299,0.961859428637427,0.961859428637427,0.961859428637427,0.961859428637427,0.961859428637427,0.961859428637427,0.961859428637427,0.961859428637427,NA,NA,NA,NA,NA,NA,NA,NA,NA,NA,NA,NA,NA,NA,NA,NA
0.500952078409424,0.953176551185971,0.932220391260478,0.942017623509984,0.942017623509984,0.952307722158659,0.941474231393661,0.955167760585633,0.955167760585633,0.961704903043941,0.942017623509984,0.952307722158659,0.952307722158659,0.953176551185971,0.955167760585633,0.961704903043941,0.961704903043941,0.964535159542373,NA,NA,NA,NA,NA,NA,NA,NA,NA,NA,NA,NA,NA,NA,NA,NA
0.442358678265527,0.958653212908164,0.949656211498555,0.949656211498555,0.958653212908164,0.958653212908164,0.949656211498555,0.949656211498555,0.958653212908164,0.958653212908164,0.949656211498555,0.949656211498555,0.958653212908164,0.958653212908164,0.949656211498555,0.949656211498555,0.958653212908164,0.958653212908164,NA,NA,NA,NA,NA,NA,NA,NA,NA,NA,NA,NA,NA,NA,NA,NA
0.409709427625087,0.961704903043941,0.952307722158659,0.961704903043941,0.952307722158659,0.961704903043941,0.952307722158659,0.961704903043941,0.952307722158659,0.961704903043941,0.952307722158659,0.961704903043941,0.952307722158659,0.961704903043941,0.952307722158659,0.961704903043941,0.952307722158659,0.961704903043941,NA,NA,NA,NA,NA,NA,NA,NA,NA,NA,NA,NA,NA,NA,NA,NA
0.900518288034869,0.924763198464502,0.924763198464502,0.924763198464502,0.924763198464502,0.924763198464502,0.929119246612712,0.929119246612712,0.929119246612712,0.929119246612712,NA,NA,NA,NA,NA,NA,NA,NA,NA,NA,NA,NA,NA,NA,NA,NA,NA,NA,NA,NA,NA,NA,NA,NA
0.826883236519316,0.930915284247259,0.92710103369493,0.925184202504059,0.930915284247259,0.92919512771207,0.925184202504059,0.922584694241529,0.92919512771207,0.926569753233983,NA,NA,NA,NA,NA,NA,NA,NA,NA,NA,NA,NA,NA,NA,NA,NA,NA,NA,NA,NA,NA,NA,NA,NA
-0.267567400380686,0.922354786346107,0.922354786346107,0.928911593751519,0.922354786346107,0.928911593751519,0.922354786346107,0.928911593751519,0.922354786346107,0.928911593751519,NA,NA,NA,NA,NA,NA,NA,NA,NA,NA,NA,NA,NA,NA,NA,NA,NA,NA,NA,NA,NA,NA,NA,NA
-0.636116592273161,0.959934475480541,0.959934475480541,0.959934475480541,0.959934475480541,0.959934475480541,0.959934475480541,0.959934475480541,0.959934475480541,0.959934475480541,0.966949774786781,0.966949774786781,0.966949774786781,0.966949774786781,0.966949774786781,0.966949774786781,0.966949774786781,0.966949774786781,NA,NA,NA,NA,NA,NA,NA,NA,NA,NA,NA,NA,NA,NA,NA,NA
0.432978660747658,0.959205026933097,0.942314371736969,0.950245948764323,0.950245948764323,0.95658085364916,0.94842932843995,0.958722554611725,0.958722554611725,0.959205026933097,0.950245948764323,0.95658085364916,0.95658085364916,0.96119275217865,0.958722554611725,0.959205026933097,0.959205026933097,0.967768900280918,NA,NA,NA,NA,NA,NA,NA,NA,NA,NA,NA,NA,NA,NA,NA,NA
0.460349834113698,0.956626132448207,0.95451927481546,0.95451927481546,0.956626132448207,0.956626132448207,0.95451927481546,0.95451927481546,0.956626132448207,0.956626132448207,0.95451927481546,0.95451927481546,0.956626132448207,0.956626132448207,0.95451927481546,0.95451927481546,0.956626132448207,0.956626132448207,NA,NA,NA,NA,NA,NA,NA,NA,NA,NA,NA,NA,NA,NA,NA,NA
0.490545678312081,0.95378109928034,0.952361156373868,0.95378109928034,0.952361156373868,0.95378109928034,0.952361156373868,0.95378109928034,0.952361156373868,0.95378109928034,0.952361156373868,0.95378109928034,0.952361156373868,0.95378109928034,0.952361156373868,0.95378109928034,0.952361156373868,0.95378109928034,NA,NA,NA,NA,NA,NA,NA,NA,NA,NA,NA,NA,NA,NA,NA,NA
0.917890258998708,0.922833413057614,0.922451670252396,0.922451670252396,0.922451670252396,0.922451670252396,0.922833413057614,0.922833413057614,0.922833413057614,0.922833413057614,NA,NA,NA,NA,NA,NA,NA,NA,NA,NA,NA,NA,NA,NA,NA,NA,NA,NA,NA,NA,NA,NA,NA,NA
-0.495101805466438,0.941622943764896,0.9434285864432,0.941622943764896,0.946900444184953,0.944999974327373,0.941622943764896,0.938662977086161,0.944999974327373,0.941699566114954,NA,NA,NA,NA,NA,NA,NA,NA,NA,NA,NA,NA,NA,NA,NA,NA,NA,NA,NA,NA,NA,NA,NA,NA
0.901553541253151,0.924206832960382,0.924206832960382,0.936382586123574,0.924206832960382,0.936382586123574,0.924206832960382,0.936382586123574,0.924206832960382,0.936382586123574,NA,NA,NA,NA,NA,NA,NA,NA,NA,NA,NA,NA,NA,NA,NA,NA,NA,NA,NA,NA,NA,NA,NA,NA
-0.0961572676076533,0.923831651731578,0.920455937230633,0.920455937230633,0.920455937230633,0.920455937230633,0.923831651731578,0.923831651731578,0.923831651731578,0.923831651731578,NA,NA,NA,NA,NA,NA,NA,NA,NA,NA,NA,NA,NA,NA,NA,NA,NA,NA,NA,NA,NA,NA,NA,NA
-0.175937195657458,0.943604357527596,0.941977239972642,0.939667852587145,0.948827192519535,0.946533833321839,0.939667852587145,0.936875684881987,0.946533833321839,0.943604357527596,NA,NA,NA,NA,NA,NA,NA,NA,NA,NA,NA,NA,NA,NA,NA,NA,NA,NA,NA,NA,NA,NA,NA,NA
-0.18230497932532,0.945182552897222,0.941482474938401,0.945182552897222,0.941482474938401,0.945182552897222,0.941482474938401,0.945182552897222,0.941482474938401,0.945182552897222,NA,NA,NA,NA,NA,NA,NA,NA,NA,NA,NA,NA,NA,NA,NA,NA,NA,NA,NA,NA,NA,NA,NA,NA
-0.316843088483206,0.948234517955494,0.948234517955494,0.948234517955494,0.948234517955494,0.948234517955494,0.960311765291297,0.960311765291297,0.960311765291297,0.960311765291297,NA,NA,NA,NA,NA,NA,NA,NA,NA,NA,NA,NA,NA,NA,NA,NA,NA,NA,NA,NA,NA,NA,NA,NA
0.353977559579483,0.94611229970457,0.933126773211533,0.935835977811344,0.946560512588984,0.94611229970457,0.935835977811344,0.950243767013369,0.94611229970457,0.960967627584226,NA,NA,NA,NA,NA,NA,NA,NA,NA,NA,NA,NA,NA,NA,NA,NA,NA,NA,NA,NA,NA,NA,NA,NA
0.312982106792492,0.952353233948778,0.942146123790283,0.952353233948778,0.942146123790283,0.952353233948778,0.942146123790283,0.952353233948778,0.942146123790283,0.952353233948778,NA,NA,NA,NA,NA,NA,NA,NA,NA,NA,NA,NA,NA,NA,NA,NA,NA,NA,NA,NA,NA,NA,NA,NA
0.289418608010431,0.958732323598113,0.947420679062881,0.947420679062881,0.947420679062881,0.947420679062881,0.958732323598113,0.958732323598113,0.958732323598113,0.958732323598113,NA,NA,NA,NA,NA,NA,NA,NA,NA,NA,NA,NA,NA,NA,NA,NA,NA,NA,NA,NA,NA,NA,NA,NA
0.193410564824401,0.972421937011072,0.952771426663969,0.960715579549289,0.96396137394368,0.971913722406982,0.960715579549289,0.972421937011072,0.971913722406982,0.98458640405837,NA,NA,NA,NA,NA,NA,NA,NA,NA,NA,NA,NA,NA,NA,NA,NA,NA,NA,NA,NA,NA,NA,NA,NA
0.211981608407379,0.969773925460273,0.958636768941968,0.969773925460273,0.958636768941968,0.969773925460273,0.958636768941968,0.969773925460273,0.958636768941968,0.969773925460273,NA,NA,NA,NA,NA,NA,NA,NA,NA,NA,NA,NA,NA,NA,NA,NA,NA,NA,NA,NA,NA,NA,NA,NA
0.1240700760506,0.967988241073559,0.956909610660537,0.956909610660537,0.956909610660537,0.956909610660537,0.967988241073559,0.967988241073559,0.967988241073559,0.967988241073559,NA,NA,NA,NA,NA,NA,NA,NA,NA,NA,NA,NA,NA,NA,NA,NA,NA,NA,NA,NA,NA,NA,NA,NA
0.129102061467678,0.966689920727344,0.93420372069318,0.94502969918741,0.946972434663692,0.954996845341792,0.94502969918741,0.955663196975017,0.954996845341792,0.966689920727344,NA,NA,NA,NA,NA,NA,NA,NA,NA,NA,NA,NA,NA,NA,NA,NA,NA,NA,NA,NA,NA,NA,NA,NA
0.13194378294604,0.96595671812284,0.95469301113518,0.96595671812284,0.95469301113518,0.96595671812284,0.95469301113518,0.96595671812284,0.95469301113518,0.96595671812284,NA,NA,NA,NA,NA,NA,NA,NA,NA,NA,NA,NA,NA,NA,NA,NA,NA,NA,NA,NA,NA,NA,NA,NA
0.220515126181816,0.943386650529654,0.939039392103499,0.939039392103499,0.939039392103499,0.939039392103499,0.943386650529654,0.943386650529654,0.943386650529654,0.943386650529654,NA,NA,NA,NA,NA,NA,NA,NA,NA,NA,NA,NA,NA,NA,NA,NA,NA,NA,NA,NA,NA,NA,NA,NA
0.239884718170117,0.938413851160654,0.938744997159679,0.936926154362841,0.942849335778615,0.941110862278824,0.936926154362841,0.934146987151133,0.941110862278824,0.938413851160654,NA,NA,NA,NA,NA,NA,NA,NA,NA,NA,NA,NA,NA,NA,NA,NA,NA,NA,NA,NA,NA,NA,NA,NA
0.509946752065353,0.869080211476556,0.871079110436177,0.869080211476556,0.871079110436177,0.869080211476556,0.871079110436177,0.869080211476556,0.871079110436177,0.869080211476556,NA,NA,NA,NA,NA,NA,NA,NA,NA,NA,NA,NA,NA,NA,NA,NA,NA,NA,NA,NA,NA,NA,NA,NA
0.659617100615324,0.944275447013052,0.944275447013052,0.944275447013052,0.944275447013052,0.944275447013052,0.950362559746892,0.950362559746892,0.950362559746892,0.950362559746892,NA,NA,NA,NA,NA,NA,NA,NA,NA,NA,NA,NA,NA,NA,NA,NA,NA,NA,NA,NA,NA,NA,NA,NA
0.734415543886076,0.937956463148786,0.940292211018807,0.937956463148786,0.94068864579666,0.938306563534574,0.937956463148786,0.935074879667101,0.938306563534574,0.93510225312465,NA,NA,NA,NA,NA,NA,NA,NA,NA,NA,NA,NA,NA,NA,NA,NA,NA,NA,NA,NA,NA,NA,NA,NA
0.600182693578819,0.949296474759398,0.945085084710319,0.949296474759398,0.945085084710319,0.949296474759398,0.945085084710319,0.949296474759398,0.945085084710319,0.949296474759398,NA,NA,NA,NA,NA,NA,NA,NA,NA,NA,NA,NA,NA,NA,NA,NA,NA,NA,NA,NA,NA,NA,NA,NA
0.163313294801026,0.958824329041443,0.947838689034596,0.947838689034596,0.947838689034596,0.947838689034596,0.958824329041443,0.958824329041443,0.958824329041443,0.958824329041443,NA,NA,NA,NA,NA,NA,NA,NA,NA,NA,NA,NA,NA,NA,NA,NA,NA,NA,NA,NA,NA,NA,NA,NA
0.155265018008267,0.960853515932845,0.926599818341958,0.939837066681567,0.936452025511751,0.951821528705648,0.939837066681567,0.950113207988606,0.951821528705648,0.960853515932845,NA,NA,NA,NA,NA,NA,NA,NA,NA,NA,NA,NA,NA,NA,NA,NA,NA,NA,NA,NA,NA,NA,NA,NA
0.136564863506741,0.965568327483045,0.955186906970789,0.965568327483045,0.955186906970789,0.965568327483045,0.955186906970789,0.965568327483045,0.955186906970789,0.965568327483045,NA,NA,NA,NA,NA,NA,NA,NA,NA,NA,NA,NA,NA,NA,NA,NA,NA,NA,NA,NA,NA,NA,NA,NA
-0.686180205332382,0.958929878029311,0.947342236117846,0.947342236117846,0.947342236117846,0.947342236117846,0.958929878029311,0.958929878029311,0.958929878029311,0.958929878029311,NA,NA,NA,NA,NA,NA,NA,NA,NA,NA,NA,NA,NA,NA,NA,NA,NA,NA,NA,NA,NA,NA,NA,NA
0.483630587325928,0.958465279482658,0.947205992551249,0.958465279482658,0.959130252117982,0.969771721263622,0.958465279482658,0.968967079154129,0.969771721263622,0.981121190342462,NA,NA,NA,NA,NA,NA,NA,NA,NA,NA,NA,NA,NA,NA,NA,NA,NA,NA,NA,NA,NA,NA,NA,NA
0.439875643585006,0.96222300161016,0.96222300161016,0.973809456429738,0.96222300161016,0.973809456429738,0.96222300161016,0.973809456429738,0.96222300161016,0.973809456429738,NA,NA,NA,NA,NA,NA,NA,NA,NA,NA,NA,NA,NA,NA,NA,NA,NA,NA,NA,NA,NA,NA,NA,NA
0.798753260915909,0.952159857872104,0.952240519374177,0.952240519374177,0.952240519374177,0.952240519374177,0.952240519374177,0.952240519374177,0.952240519374177,0.952240519374177,0.952240519374177,0.952240519374177,0.952240519374177,0.952240519374177,0.952240519374177,0.952240519374177,0.952240519374177,0.952240519374177,0.952159857872104,0.952159857872104,0.952159857872104,0.952159857872104,0.952159857872104,0.952159857872104,0.952159857872104,0.952159857872104,0.952159857872104,0.952159857872104,0.952159857872104,0.952159857872104,0.952159857872104,0.952159857872104,0.952159857872104,0.952159857872104
0.80885858894295,0.951554614234653,0.947193164364169,0.950788705320816,0.950788705320816,0.950788705320816,0.950788705320816,0.950788705320816,0.950788705320816,0.952343117518891,0.947499500643532,0.953543267924722,0.953543267924722,0.953543267924722,0.953543267924722,0.953543267924722,0.953543267924722,0.951554614234653,0.950788705320816,0.950788705320816,0.950788705320816,0.952343117518891,0.950788705320816,0.952343117518891,0.952343117518891,0.962847126458318,0.953543267924722,0.953543267924722,0.953543267924722,0.951554614234653,0.953543267924722,0.951554614234653,0.951554614234653,0.962167817590087
0.992759209008297,0.940540159293654,0.941909117544511,0.941909117544511,0.941909117544511,0.941909117544511,0.940540159293654,0.940540159293654,0.940540159293654,0.940540159293654,0.941909117544511,0.941909117544511,0.941909117544511,0.941909117544511,0.940540159293654,0.940540159293654,0.940540159293654,0.940540159293654,0.941909117544511,0.941909117544511,0.941909117544511,0.941909117544511,0.940540159293654,0.940540159293654,0.940540159293654,0.940540159293654,0.941909117544511,0.941909117544511,0.941909117544511,0.941909117544511,0.940540159293654,0.940540159293654,0.940540159293654,0.940540159293654
0.664301337035621,0.960212656480308,0.960212656480308,0.960212656480308,0.959109840388028,0.959109840388028,0.960212656480308,0.960212656480308,0.959109840388028,0.959109840388028,0.960212656480308,0.960212656480308,0.959109840388028,0.959109840388028,0.960212656480308,0.960212656480308,0.959109840388028,0.959109840388028,0.960212656480308,0.960212656480308,0.959109840388028,0.959109840388028,0.960212656480308,0.960212656480308,0.959109840388028,0.959109840388028,0.960212656480308,0.960212656480308,0.959109840388028,0.959109840388028,0.960212656480308,0.960212656480308,0.959109840388028,0.959109840388028
0.810097407587625,0.951480417028918,0.952250970645062,0.951480417028918,0.952250970645062,0.951480417028918,0.952250970645062,0.951480417028918,0.952250970645062,0.951480417028918,0.952250970645062,0.951480417028918,0.952250970645062,0.951480417028918,0.952250970645062,0.951480417028918,0.952250970645062,0.951480417028918,0.952250970645062,0.951480417028918,0.952250970645062,0.951480417028918,0.952250970645062,0.951480417028918,0.952250970645062,0.951480417028918,0.952250970645062,0.951480417028918,0.952250970645062,0.951480417028918,0.952250970645062,0.951480417028918,0.952250970645062,0.951480417028918
0.567716885734438,0.9144713917488,0.9144713917488,0.9144713917488,0.9144713917488,0.9144713917488,0.916750726335209,0.916750726335209,0.916750726335209,0.916750726335209,NA,NA,NA,NA,NA,NA,NA,NA,NA,NA,NA,NA,NA,NA,NA,NA,NA,NA,NA,NA,NA,NA,NA,NA
0.910609262590694,0.862813411319836,0.86706634394702,0.863878667413099,0.865980960997241,0.862813411319836,0.863878667413099,0.861063018502912,0.862813411319836,0.859887502640102,NA,NA,NA,NA,NA,NA,NA,NA,NA,NA,NA,NA,NA,NA,NA,NA,NA,NA,NA,NA,NA,NA,NA,NA
0.972649674507461,0.853466798210543,0.855243052860478,0.853466798210543,0.855243052860478,0.853466798210543,0.855243052860478,0.853466798210543,0.855243052860478,0.853466798210543,NA,NA,NA,NA,NA,NA,NA,NA,NA,NA,NA,NA,NA,NA,NA,NA,NA,NA,NA,NA,NA,NA,NA,NA
1.2500401089972,0.933823075040759,0.926608816948646,0.926608816948646,0.926608816948646,0.926608816948646,0.926608816948646,0.926608816948646,0.926608816948646,0.926608816948646,0.933823075040759,0.933823075040759,0.933823075040759,0.933823075040759,0.933823075040759,0.933823075040759,0.933823075040759,0.933823075040759,NA,NA,NA,NA,NA,NA,NA,NA,NA,NA,NA,NA,NA,NA,NA,NA
-0.570583711535726,0.930206587281649,0.931924731134662,0.93314464535881,0.93314464535881,0.930206587281649,0.935414690197627,0.936374308619775,0.936374308619775,0.932692174020767,0.93314464535881,0.930206587281649,0.930206587281649,0.92806788884974,0.936374308619775,0.932692174020767,0.932692174020767,0.930838202198674,NA,NA,NA,NA,NA,NA,NA,NA,NA,NA,NA,NA,NA,NA,NA,NA
1.0111108975765,0.946471949569627,0.931667755876116,0.931667755876116,0.946471949569627,0.946471949569627,0.931667755876116,0.931667755876116,0.946471949569627,0.946471949569627,0.931667755876116,0.931667755876116,0.946471949569627,0.946471949569627,0.931667755876116,0.931667755876116,0.946471949569627,0.946471949569627,NA,NA,NA,NA,NA,NA,NA,NA,NA,NA,NA,NA,NA,NA,NA,NA
1.25982838821026,0.933304885092852,0.933304885092852,0.935481960509396,0.933304885092852,0.935481960509396,0.933304885092852,0.935481960509396,0.933304885092852,0.935481960509396,0.933304885092852,0.935481960509396,0.933304885092852,0.935481960509396,0.933304885092852,0.935481960509396,0.933304885092852,0.935481960509396,NA,NA,NA,NA,NA,NA,NA,NA,NA,NA,NA,NA,NA,NA,NA,NA
0.388523028725418,0.942475720679399,0.942475720679399,0.942475720679399,0.942475720679399,0.942475720679399,0.946687812843213,0.946687812843213,0.946687812843213,0.946687812843213,NA,NA,NA,NA,NA,NA,NA,NA,NA,NA,NA,NA,NA,NA,NA,NA,NA,NA,NA,NA,NA,NA,NA,NA
-1.00676568398535,0.949060598125971,0.947644236874705,0.945665549110382,0.95089683436736,0.949060598125971,0.945665549110382,0.942862733609213,0.949060598125971,0.946360747709801,NA,NA,NA,NA,NA,NA,NA,NA,NA,NA,NA,NA,NA,NA,NA,NA,NA,NA,NA,NA,NA,NA,NA,NA
0.244841400623137,0.963749059702079,0.958882126481775,0.963749059702079,0.958882126481775,0.963749059702079,0.958882126481775,0.963749059702079,0.958882126481775,0.963749059702079,NA,NA,NA,NA,NA,NA,NA,NA,NA,NA,NA,NA,NA,NA,NA,NA,NA,NA,NA,NA,NA,NA,NA,NA
0.408262619308213,0.93781019605719,0.929099054649394,0.929099054649394,0.929099054649394,0.929099054649394,0.93781019605719,0.93781019605719,0.93781019605719,0.93781019605719,NA,NA,NA,NA,NA,NA,NA,NA,NA,NA,NA,NA,NA,NA,NA,NA,NA,NA,NA,NA,NA,NA,NA,NA
0.237778119216345,0.963779748826843,0.962114858917078,0.960301722236788,0.965665318640051,0.963779748826843,0.960301722236788,0.957527472200927,0.963779748826843,0.96067458669215,NA,NA,NA,NA,NA,NA,NA,NA,NA,NA,NA,NA,NA,NA,NA,NA,NA,NA,NA,NA,NA,NA,NA,NA
0.220698655581326,0.966381428345555,0.966381428345555,0.969039039536029,0.966381428345555,0.969039039536029,0.966381428345555,0.969039039536029,0.966381428345555,0.969039039536029,NA,NA,NA,NA,NA,NA,NA,NA,NA,NA,NA,NA,NA,NA,NA,NA,NA,NA,NA,NA,NA,NA,NA,NA
0.317672442348243,0.949504280232896,0.938895537246755,0.938895537246755,0.938895537246755,0.938895537246755,0.938895537246755,0.938895537246755,0.938895537246755,0.938895537246755,0.949504280232896,0.949504280232896,0.949504280232896,0.949504280232896,0.949504280232896,0.949504280232896,0.949504280232896,0.949504280232896,NA,NA,NA,NA,NA,NA,NA,NA,NA,NA,NA,NA,NA,NA,NA,NA
0.373051070202581,0.940701553586075,0.912959123808505,0.916820560090364,0.916820560090364,0.927908250255739,0.925056031101438,0.927951779358521,0.927951779358521,0.935768963507888,0.916820560090364,0.927908250255739,0.927908250255739,0.930231250510526,0.927951779358521,0.935768963507888,0.935768963507888,0.940701553586075,NA,NA,NA,NA,NA,NA,NA,NA,NA,NA,NA,NA,NA,NA,NA,NA
0.40355276932827,0.935853146717396,0.92523574865225,0.92523574865225,0.935853146717396,0.935853146717396,0.92523574865225,0.92523574865225,0.935853146717396,0.935853146717396,0.92523574865225,0.92523574865225,0.935853146717396,0.935853146717396,0.92523574865225,0.92523574865225,0.935853146717396,0.935853146717396,NA,NA,NA,NA,NA,NA,NA,NA,NA,NA,NA,NA,NA,NA,NA,NA
0.397546245092809,0.936807915605519,0.926223775970059,0.936807915605519,0.926223775970059,0.936807915605519,0.926223775970059,0.936807915605519,0.926223775970059,0.936807915605519,0.926223775970059,0.936807915605519,0.926223775970059,0.936807915605519,0.926223775970059,0.936807915605519,0.926223775970059,0.936807915605519,NA,NA,NA,NA,NA,NA,NA,NA,NA,NA,NA,NA,NA,NA,NA,NA
0.406261034804179,0.942417471323508,0.932687525668356,0.932687525668356,0.932687525668356,0.932687525668356,0.942417471323508,0.942417471323508,0.942417471323508,0.942417471323508,NA,NA,NA,NA,NA,NA,NA,NA,NA,NA,NA,NA,NA,NA,NA,NA,NA,NA,NA,NA,NA,NA,NA,NA
0.365821909216101,0.948149222363699,0.927603441404267,0.938811276155389,0.943098455584625,0.948149222363699,0.938811276155389,0.947963280533321,0.948149222363699,0.960239009353092,NA,NA,NA,NA,NA,NA,NA,NA,NA,NA,NA,NA,NA,NA,NA,NA,NA,NA,NA,NA,NA,NA,NA,NA
-1.03253427360866,0.946349106040156,0.946349106040156,0.959576688859628,0.946349106040156,0.959576688859628,0.946349106040156,0.959576688859628,0.946349106040156,0.959576688859628,NA,NA,NA,NA,NA,NA,NA,NA,NA,NA,NA,NA,NA,NA,NA,NA,NA,NA,NA,NA,NA,NA,NA,NA
0.468304887407167,0.93089175495085,0.93089175495085,0.93089175495085,0.93089175495085,0.93089175495085,0.942714085454567,0.942714085454567,0.942714085454567,0.942714085454567,NA,NA,NA,NA,NA,NA,NA,NA,NA,NA,NA,NA,NA,NA,NA,NA,NA,NA,NA,NA,NA,NA,NA,NA
0.445254528403506,0.934293320685762,0.917079993860677,0.922212163046991,0.929754513697555,0.934293320685762,0.922212163046991,0.933621348857592,0.934293320685762,0.945106115173285,NA,NA,NA,NA,NA,NA,NA,NA,NA,NA,NA,NA,NA,NA,NA,NA,NA,NA,NA,NA,NA,NA,NA,NA
0.482103283919969,0.928855511056895,0.916643331534434,0.928855511056895,0.916643331534434,0.928855511056895,0.916643331534434,0.928855511056895,0.916643331534434,0.928855511056895,NA,NA,NA,NA,NA,NA,NA,NA,NA,NA,NA,NA,NA,NA,NA,NA,NA,NA,NA,NA,NA,NA,NA,NA
0.383062395045529,0.944165486805507,0.931985032904163,0.931985032904163,0.931985032904163,0.931985032904163,0.944165486805507,0.944165486805507,0.944165486805507,0.944165486805507,NA,NA,NA,NA,NA,NA,NA,NA,NA,NA,NA,NA,NA,NA,NA,NA,NA,NA,NA,NA,NA,NA,NA,NA
0.363591545820635,0.947003524164476,0.951036134884774,0.949737042461167,0.952114745463462,0.950954979715786,0.949737042461167,0.947003524164476,0.950954979715786,0.948086885813378,NA,NA,NA,NA,NA,NA,NA,NA,NA,NA,NA,NA,NA,NA,NA,NA,NA,NA,NA,NA,NA,NA,NA,NA
0.432623008303493,0.936941617402848,0.931344409133212,0.936941617402848,0.931344409133212,0.936941617402848,0.931344409133212,0.936941617402848,0.931344409133212,0.936941617402848,NA,NA,NA,NA,NA,NA,NA,NA,NA,NA,NA,NA,NA,NA,NA,NA,NA,NA,NA,NA,NA,NA,NA,NA
0.692229640500882,0.942078345690802,0.942078345690802,0.942078345690802,0.942078345690802,0.942078345690802,0.952477718670371,0.952477718670371,0.952477718670371,0.952477718670371,NA,NA,NA,NA,NA,NA,NA,NA,NA,NA,NA,NA,NA,NA,NA,NA,NA,NA,NA,NA,NA,NA,NA,NA
0.63892462508514,0.946538591966334,0.935691200750193,0.945691368854103,0.946538591966334,0.95642689339377,0.945691368854103,0.956486729687338,0.95642689339377,0.967639985847238,NA,NA,NA,NA,NA,NA,NA,NA,NA,NA,NA,NA,NA,NA,NA,NA,NA,NA,NA,NA,NA,NA,NA,NA
0.649049904782317,0.945691368854103,0.945691368854103,0.95642689339377,0.945691368854103,0.95642689339377,0.945691368854103,0.95642689339377,0.945691368854103,0.95642689339377,NA,NA,NA,NA,NA,NA,NA,NA,NA,NA,NA,NA,NA,NA,NA,NA,NA,NA,NA,NA,NA,NA,NA,NA
0.285233522217992,0.957542943019914,0.952841573526565,0.952841573526565,0.952841573526565,0.952841573526565,0.957542943019914,0.957542943019914,0.957542943019914,0.957542943019914,NA,NA,NA,NA,NA,NA,NA,NA,NA,NA,NA,NA,NA,NA,NA,NA,NA,NA,NA,NA,NA,NA,NA,NA
0.322447611875236,0.952003619616573,0.940083169034535,0.942156414718818,0.950347448662387,0.952003619616573,0.942156414718818,0.959676497681331,0.952003619616573,0.970749413422314,NA,NA,NA,NA,NA,NA,NA,NA,NA,NA,NA,NA,NA,NA,NA,NA,NA,NA,NA,NA,NA,NA,NA,NA
0.26172176088526,0.961042672584811,0.961042672584811,0.972433666808883,0.961042672584811,0.972433666808883,0.961042672584811,0.972433666808883,0.961042672584811,0.972433666808883,NA,NA,NA,NA,NA,NA,NA,NA,NA,NA,NA,NA,NA,NA,NA,NA,NA,NA,NA,NA,NA,NA,NA,NA
-0.657077477567555,0.956136707269417,0.956136707269417,0.956136707269417,0.956136707269417,0.956136707269417,0.967017450768122,0.967017450768122,0.967017450768122,0.967017450768122,NA,NA,NA,NA,NA,NA,NA,NA,NA,NA,NA,NA,NA,NA,NA,NA,NA,NA,NA,NA,NA,NA,NA,NA
-4.18416611797328,0.957469905718037,0.949629296427187,0.957469905718037,0.962435735257952,0.96790649275645,0.957469905718037,0.969272010870956,0.96790649275645,0.981323119309123,NA,NA,NA,NA,NA,NA,NA,NA,NA,NA,NA,NA,NA,NA,NA,NA,NA,NA,NA,NA,NA,NA,NA,NA
0.465926017531649,0.960194095130536,0.946288385195916,0.960194095130536,0.946288385195916,0.960194095130536,0.946288385195916,0.960194095130536,0.946288385195916,0.960194095130536,NA,NA,NA,NA,NA,NA,NA,NA,NA,NA,NA,NA,NA,NA,NA,NA,NA,NA,NA,NA,NA,NA,NA,NA
0.781498829216172,0.933030392335601,0.936678594630657,0.936678594630657,0.936678594630657,0.936678594630657,0.933030392335601,0.933030392335601,0.933030392335601,0.933030392335601,NA,NA,NA,NA,NA,NA,NA,NA,NA,NA,NA,NA,NA,NA,NA,NA,NA,NA,NA,NA,NA,NA,NA,NA
-2.19013841200027,0.887681280358802,0.893711635206162,0.887681280358802,0.897434320425598,0.891226625788955,0.887681280358802,0.880806451384298,0.891226625788955,0.884046587888111,NA,NA,NA,NA,NA,NA,NA,NA,NA,NA,NA,NA,NA,NA,NA,NA,NA,NA,NA,NA,NA,NA,NA,NA
1.20619446576025,0.896636607607011,0.896636607607011,0.899880414373728,0.896636607607011,0.899880414373728,0.896636607607011,0.899880414373728,0.896636607607011,0.899880414373728,NA,NA,NA,NA,NA,NA,NA,NA,NA,NA,NA,NA,NA,NA,NA,NA,NA,NA,NA,NA,NA,NA,NA,NA
0.42096700452328,0.936472222208891,0.929881710265892,0.929881710265892,0.929881710265892,0.929881710265892,0.936472222208891,0.936472222208891,0.936472222208891,0.936472222208891,NA,NA,NA,NA,NA,NA,NA,NA,NA,NA,NA,NA,NA,NA,NA,NA,NA,NA,NA,NA,NA,NA,NA,NA
0.399546710837274,0.939704740774202,0.938267123122646,0.935348223681746,0.942534542004208,0.939704740774202,0.935348223681746,0.932564172777435,0.939704740774202,0.936755468886359,NA,NA,NA,NA,NA,NA,NA,NA,NA,NA,NA,NA,NA,NA,NA,NA,NA,NA,NA,NA,NA,NA,NA,NA
-0.226044287659077,0.934112130134716,0.934112130134716,0.937739772574001,0.934112130134716,0.937739772574001,0.934112130134716,0.937739772574001,0.934112130134716,0.937739772574001,NA,NA,NA,NA,NA,NA,NA,NA,NA,NA,NA,NA,NA,NA,NA,NA,NA,NA,NA,NA,NA,NA,NA,NA
-0.42012682807651,0.961735004967516,0.961735004967516,0.961735004967516,0.961735004967516,0.961735004967516,0.972837489771459,0.972837489771459,0.972837489771459,0.972837489771459,NA,NA,NA,NA,NA,NA,NA,NA,NA,NA,NA,NA,NA,NA,NA,NA,NA,NA,NA,NA,NA,NA,NA,NA
0.268462048701689,0.960551168829894,0.94455944893069,0.948918871496173,0.953644101912939,0.960551168829894,0.948918871496173,0.96213781480453,0.960551168829894,0.973180413074728,NA,NA,NA,NA,NA,NA,NA,NA,NA,NA,NA,NA,NA,NA,NA,NA,NA,NA,NA,NA,NA,NA,NA,NA
-1.08804966955135,0.959882155137809,0.948430566584876,0.959882155137809,0.948430566584876,0.959882155137809,0.948430566584876,0.959882155137809,0.948430566584876,0.959882155137809,NA,NA,NA,NA,NA,NA,NA,NA,NA,NA,NA,NA,NA,NA,NA,NA,NA,NA,NA,NA,NA,NA,NA,NA
0.350752308707636,0.9474324210647,0.944920118282453,0.944920118282453,0.944920118282453,0.944920118282453,0.9474324210647,0.9474324210647,0.9474324210647,0.9474324210647,NA,NA,NA,NA,NA,NA,NA,NA,NA,NA,NA,NA,NA,NA,NA,NA,NA,NA,NA,NA,NA,NA,NA,NA
0.696180644842503,0.895662750914377,0.921478521648934,0.887689630584302,0.929748819153622,0.895662750914377,0.887689630584302,0.916362270010688,0.895662750914377,0.92401555360227,NA,NA,NA,NA,NA,NA,NA,NA,NA,NA,NA,NA,NA,NA,NA,NA,NA,NA,NA,NA,NA,NA,NA,NA
0.347982788612635,0.947847491650389,0.947847491650389,0.949744205918187,0.947847491650389,0.949744205918187,0.947847491650389,0.949744205918187,0.947847491650389,0.949744205918187,NA,NA,NA,NA,NA,NA,NA,NA,NA,NA,NA,NA,NA,NA,NA,NA,NA,NA,NA,NA,NA,NA,NA,NA
-1.32843017254246,0.942193029583916,0.927269786379445,0.927269786379445,0.927269786379445,0.927269786379445,0.942193029583916,0.942193029583916,0.942193029583916,0.942193029583916,NA,NA,NA,NA,NA,NA,NA,NA,NA,NA,NA,NA,NA,NA,NA,NA,NA,NA,NA,NA,NA,NA,NA,NA
0.125033906273371,0.967792264063478,0.968238231124306,0.966918438406466,0.971701078699035,0.970523125039028,0.966918438406466,0.964336915530132,0.970523125039028,0.967792264063478,NA,NA,NA,NA,NA,NA,NA,NA,NA,NA,NA,NA,NA,NA,NA,NA,NA,NA,NA,NA,NA,NA,NA,NA
0.17054101035126,0.956069997399491,0.95193705536344,0.956069997399491,0.95193705536344,0.956069997399491,0.95193705536344,0.956069997399491,0.95193705536344,0.956069997399491,NA,NA,NA,NA,NA,NA,NA,NA,NA,NA,NA,NA,NA,NA,NA,NA,NA,NA,NA,NA,NA,NA,NA,NA
0.634558828826322,0.944620118645138,0.944620118645138,0.944620118645138,0.944620118645138,0.944620118645138,0.946101522471673,0.946101522471673,0.946101522471673,0.946101522471673,NA,NA,NA,NA,NA,NA,NA,NA,NA,NA,NA,NA,NA,NA,NA,NA,NA,NA,NA,NA,NA,NA,NA,NA
0.77102292371789,0.93271048152249,0.911362150399164,0.909079685999409,0.93271048152249,0.930082640111027,0.909079685999409,0.906148725994742,0.930082640111027,0.926890062881561,NA,NA,NA,NA,NA,NA,NA,NA,NA,NA,NA,NA,NA,NA,NA,NA,NA,NA,NA,NA,NA,NA,NA,NA
0.706747864750661,0.93831996164944,0.93831996164944,0.940466537492588,0.93831996164944,0.940466537492588,0.93831996164944,0.940466537492588,0.93831996164944,0.940466537492588,NA,NA,NA,NA,NA,NA,NA,NA,NA,NA,NA,NA,NA,NA,NA,NA,NA,NA,NA,NA,NA,NA,NA,NA
-1.04355593610095,0.967298663628359,0.956658282271364,0.956658282271364,0.956658282271364,0.956658282271364,0.967298663628359,0.967298663628359,0.967298663628359,0.967298663628359,NA,NA,NA,NA,NA,NA,NA,NA,NA,NA,NA,NA,NA,NA,NA,NA,NA,NA,NA,NA,NA,NA,NA,NA
0.139454984156901,0.96427969860134,0.932565080560531,0.94222446611561,0.944400834185236,0.952577411324504,0.94222446611561,0.95321561709192,0.952577411324504,0.96427969860134,NA,NA,NA,NA,NA,NA,NA,NA,NA,NA,NA,NA,NA,NA,NA,NA,NA,NA,NA,NA,NA,NA,NA,NA
0.149595108364554,0.961682385245299,0.950333769315084,0.961682385245299,0.950333769315084,0.961682385245299,0.950333769315084,0.961682385245299,0.950333769315084,0.961682385245299,NA,NA,NA,NA,NA,NA,NA,NA,NA,NA,NA,NA,NA,NA,NA,NA,NA,NA,NA,NA,NA,NA,NA,NA
0.330038961803495,0.950469878055657,0.946719816803292,0.946719816803292,0.946719816803292,0.946719816803292,0.950469878055657,0.950469878055657,0.950469878055657,0.950469878055657,NA,NA,NA,NA,NA,NA,NA,NA,NA,NA,NA,NA,NA,NA,NA,NA,NA,NA,NA,NA,NA,NA,NA,NA
0.275457711811237,0.958661080552533,0.956424060052278,0.953810684697185,0.961296763845497,0.958661080552533,0.953810684697185,0.95121805539044,0.958661080552533,0.955983132387224,NA,NA,NA,NA,NA,NA,NA,NA,NA,NA,NA,NA,NA,NA,NA,NA,NA,NA,NA,NA,NA,NA,NA,NA
0.371092150021844,0.94430887994941,0.94430887994941,0.947261632490205,0.94430887994941,0.947261632490205,0.94430887994941,0.947261632490205,0.94430887994941,0.947261632490205,NA,NA,NA,NA,NA,NA,NA,NA,NA,NA,NA,NA,NA,NA,NA,NA,NA,NA,NA,NA,NA,NA,NA,NA
-0.347485987192563,0.952796142541185,0.952796142541185,0.952796142541185,0.952796142541185,0.952796142541185,0.966249505957874,0.966249505957874,0.966249505957874,0.966249505957874,NA,NA,NA,NA,NA,NA,NA,NA,NA,NA,NA,NA,NA,NA,NA,NA,NA,NA,NA,NA,NA,NA,NA,NA
0.278803790453683,0.957639237691451,0.936160690293292,0.946886524687657,0.950718087853355,0.957639237691451,0.946886524687657,0.956472452020755,0.957639237691451,0.969410611237752,NA,NA,NA,NA,NA,NA,NA,NA,NA,NA,NA,NA,NA,NA,NA,NA,NA,NA,NA,NA,NA,NA,NA,NA
0.269193044672493,0.959099470771433,0.94841422542453,0.959099470771433,0.94841422542453,0.959099470771433,0.94841422542453,0.959099470771433,0.94841422542453,0.959099470771433,NA,NA,NA,NA,NA,NA,NA,NA,NA,NA,NA,NA,NA,NA,NA,NA,NA,NA,NA,NA,NA,NA,NA,NA
-1.01071213181398,0.947395138209018,0.947395138209018,0.947395138209018,0.947395138209018,0.947395138209018,0.949844716514275,0.949844716514275,0.949844716514275,0.949844716514275,NA,NA,NA,NA,NA,NA,NA,NA,NA,NA,NA,NA,NA,NA,NA,NA,NA,NA,NA,NA,NA,NA,NA,NA
-1.70100231449518,0.948062164310564,0.947494602414204,0.944561543520354,0.950977147567159,0.948062164310564,0.944561543520354,0.941729814691162,0.948062164310564,0.945131670939594,NA,NA,NA,NA,NA,NA,NA,NA,NA,NA,NA,NA,NA,NA,NA,NA,NA,NA,NA,NA,NA,NA,NA,NA
-0.184643872685583,0.926927135807416,0.92272799171032,0.926927135807416,0.92272799171032,0.926927135807416,0.92272799171032,0.926927135807416,0.92272799171032,0.926927135807416,NA,NA,NA,NA,NA,NA,NA,NA,NA,NA,NA,NA,NA,NA,NA,NA,NA,NA,NA,NA,NA,NA,NA,NA
0.540592069233679,0.954214549509883,0.941594947876884,0.941594947876884,0.941594947876884,0.941594947876884,0.954214549509883,0.954214549509883,0.954214549509883,0.954214549509883,NA,NA,NA,NA,NA,NA,NA,NA,NA,NA,NA,NA,NA,NA,NA,NA,NA,NA,NA,NA,NA,NA,NA,NA
0.532837868659114,0.954871291601938,0.943518950510388,0.954871291601938,0.955386747541687,0.966078641076694,0.954871291601938,0.965989022235841,0.966078641076694,0.977394637275143,NA,NA,NA,NA,NA,NA,NA,NA,NA,NA,NA,NA,NA,NA,NA,NA,NA,NA,NA,NA,NA,NA,NA,NA
0.511543952655916,0.95667478002212,0.95667478002212,0.967763921307689,0.95667478002212,0.967763921307689,0.95667478002212,0.967763921307689,0.95667478002212,0.967763921307689,NA,NA,NA,NA,NA,NA,NA,NA,NA,NA,NA,NA,NA,NA,NA,NA,NA,NA,NA,NA,NA,NA,NA,NA
0.299021546079712,0.956316166892196,0.944569719203747,0.944569719203747,0.944569719203747,0.944569719203747,0.956316166892196,0.956316166892196,0.956316166892196,0.956316166892196,NA,NA,NA,NA,NA,NA,NA,NA,NA,NA,NA,NA,NA,NA,NA,NA,NA,NA,NA,NA,NA,NA,NA,NA
0.311461492774869,0.954498824421642,0.934382657741588,0.943743140823941,0.944577352309154,0.955541548134973,0.943743140823941,0.954498824421642,0.955541548134973,0.966226008778104,NA,NA,NA,NA,NA,NA,NA,NA,NA,NA,NA,NA,NA,NA,NA,NA,NA,NA,NA,NA,NA,NA,NA,NA
0.341104178587544,0.950168346712311,0.938085692959178,0.950168346712311,0.938085692959178,0.950168346712311,0.938085692959178,0.950168346712311,0.938085692959178,0.950168346712311,NA,NA,NA,NA,NA,NA,NA,NA,NA,NA,NA,NA,NA,NA,NA,NA,NA,NA,NA,NA,NA,NA,NA,NA
0.761298497783039,0.929403768480083,0.92987260988656,0.92987260988656,0.92987260988656,0.92987260988656,0.92987260988656,0.92987260988656,0.92987260988656,0.92987260988656,0.929403768480083,0.929403768480083,0.929403768480083,0.929403768480083,0.929403768480083,0.929403768480083,0.929403768480083,0.929403768480083,NA,NA,NA,NA,NA,NA,NA,NA,NA,NA,NA,NA,NA,NA,NA,NA
-4.77188471062715,0.942503274075543,0.948348324803622,0.945611276744982,0.945611276744982,0.944787584340299,0.954086557526354,0.951102469766059,0.951102469766059,0.949609937044217,0.945611276744982,0.944787584340299,0.944787584340299,0.942503274075543,0.951102469766059,0.949609937044217,0.949609937044217,0.947711929983689,NA,NA,NA,NA,NA,NA,NA,NA,NA,NA,NA,NA,NA,NA,NA,NA
0.484614268034763,0.955061068472268,0.952154360911027,0.952154360911027,0.955061068472268,0.955061068472268,0.952154360911027,0.952154360911027,0.955061068472268,0.955061068472268,0.952154360911027,0.952154360911027,0.955061068472268,0.955061068472268,0.952154360911027,0.952154360911027,0.955061068472268,0.955061068472268,NA,NA,NA,NA,NA,NA,NA,NA,NA,NA,NA,NA,NA,NA,NA,NA
0.677954108540689,0.937132405559984,0.93532640479843,0.937132405559984,0.93532640479843,0.937132405559984,0.93532640479843,0.937132405559984,0.93532640479843,0.937132405559984,0.93532640479843,0.937132405559984,0.93532640479843,0.937132405559984,0.93532640479843,0.937132405559984,0.93532640479843,0.937132405559984,NA,NA,NA,NA,NA,NA,NA,NA,NA,NA,NA,NA,NA,NA,NA,NA
0.071208503678916,0.981949500636336,0.970886280385322,0.970886280385322,0.970886280385322,0.970886280385322,0.981949500636336,0.981949500636336,0.981949500636336,0.981949500636336,NA,NA,NA,NA,NA,NA,NA,NA,NA,NA,NA,NA,NA,NA,NA,NA,NA,NA,NA,NA,NA,NA,NA,NA
0.0925386899912932,0.976542554912627,0.946430281898312,0.954394675820005,0.957381333953519,0.965199216200789,0.954394675820005,0.965334384925189,0.965199216200789,0.976542554912627,NA,NA,NA,NA,NA,NA,NA,NA,NA,NA,NA,NA,NA,NA,NA,NA,NA,NA,NA,NA,NA,NA,NA,NA
0.0971632660591016,0.975370280492348,0.964505446004901,0.975370280492348,0.964505446004901,0.975370280492348,0.964505446004901,0.975370280492348,0.964505446004901,0.975370280492348,NA,NA,NA,NA,NA,NA,NA,NA,NA,NA,NA,NA,NA,NA,NA,NA,NA,NA,NA,NA,NA,NA,NA,NA
0.378688437631695,0.943105410084435,0.935483572019113,0.935483572019113,0.935483572019113,0.935483572019113,0.943105410084435,0.943105410084435,0.943105410084435,0.943105410084435,NA,NA,NA,NA,NA,NA,NA,NA,NA,NA,NA,NA,NA,NA,NA,NA,NA,NA,NA,NA,NA,NA,NA,NA
0.353951779151959,0.946821874333747,0.924864644610654,0.936588351246011,0.937930243626651,0.944067836233665,0.936588351246011,0.946821874333747,0.944067836233665,0.956606670933555,NA,NA,NA,NA,NA,NA,NA,NA,NA,NA,NA,NA,NA,NA,NA,NA,NA,NA,NA,NA,NA,NA,NA,NA
0.400566364073895,0.939818445050815,0.931898519966406,0.939818445050815,0.931898519966406,0.939818445050815,0.931898519966406,0.939818445050815,0.931898519966406,0.939818445050815,NA,NA,NA,NA,NA,NA,NA,NA,NA,NA,NA,NA,NA,NA,NA,NA,NA,NA,NA,NA,NA,NA,NA,NA
0.654197371461418,0.942229941016166,0.942229941016166,0.942229941016166,0.942229941016166,0.942229941016166,0.953392561307441,0.953392561307441,0.953392561307441,0.953392561307441,NA,NA,NA,NA,NA,NA,NA,NA,NA,NA,NA,NA,NA,NA,NA,NA,NA,NA,NA,NA,NA,NA,NA,NA
0.553163950965511,0.95115187637697,0.940677927942442,0.94933095616899,0.95115187637697,0.960900487572414,0.94933095616899,0.960757536564826,0.960900487572414,0.971904629587551,NA,NA,NA,NA,NA,NA,NA,NA,NA,NA,NA,NA,NA,NA,NA,NA,NA,NA,NA,NA,NA,NA,NA,NA
0.470967445501914,0.958410384552094,0.958410384552094,0.970072368438285,0.958410384552094,0.970072368438285,0.958410384552094,0.970072368438285,0.958410384552094,0.970072368438285,NA,NA,NA,NA,NA,NA,NA,NA,NA,NA,NA,NA,NA,NA,NA,NA,NA,NA,NA,NA,NA,NA,NA,NA
1.69243354120654,0.915159999651104,0.915159999651104,0.915159999651104,0.915159999651104,0.915159999651104,0.933031363508717,0.933031363508717,0.933031363508717,0.933031363508717,NA,NA,NA,NA,NA,NA,NA,NA,NA,NA,NA,NA,NA,NA,NA,NA,NA,NA,NA,NA,NA,NA,NA,NA
1.65963018569869,0.916804399046986,0.916804399046986,0.928619670621223,0.934022461292191,0.937091170965589,0.928619670621223,0.935753561206812,0.937091170965589,0.948044250597064,NA,NA,NA,NA,NA,NA,NA,NA,NA,NA,NA,NA,NA,NA,NA,NA,NA,NA,NA,NA,NA,NA,NA,NA
1.87874664809949,0.905820309985929,0.905820309985929,0.924313807192241,0.905820309985929,0.924313807192241,0.905820309985929,0.924313807192241,0.905820309985929,0.924313807192241,NA,NA,NA,NA,NA,NA,NA,NA,NA,NA,NA,NA,NA,NA,NA,NA,NA,NA,NA,NA,NA,NA,NA,NA
-0.180186230625378,0.945774206482367,0.943440413421083,0.943440413421083,0.943440413421083,0.943440413421083,0.945774206482367,0.945774206482367,0.945774206482367,0.945774206482367,NA,NA,NA,NA,NA,NA,NA,NA,NA,NA,NA,NA,NA,NA,NA,NA,NA,NA,NA,NA,NA,NA,NA,NA
0.299724013251553,0.923858576936426,0.923382112015365,0.919902670739391,0.930641342401525,0.927013037524429,0.919902670739391,0.916978934881758,0.927013037524429,0.923858576936426,NA,NA,NA,NA,NA,NA,NA,NA,NA,NA,NA,NA,NA,NA,NA,NA,NA,NA,NA,NA,NA,NA,NA,NA
0.240552243732926,0.938890481412351,0.937269464702376,0.938890481412351,0.937269464702376,0.938890481412351,0.937269464702376,0.938890481412351,0.937269464702376,0.938890481412351,NA,NA,NA,NA,NA,NA,NA,NA,NA,NA,NA,NA,NA,NA,NA,NA,NA,NA,NA,NA,NA,NA,NA,NA
0.679617086365042,0.941370488010841,0.941370488010841,0.941370488010841,0.941370488010841,0.941370488010841,0.952340170184137,0.952340170184137,0.952340170184137,0.952340170184137,NA,NA,NA,NA,NA,NA,NA,NA,NA,NA,NA,NA,NA,NA,NA,NA,NA,NA,NA,NA,NA,NA,NA,NA
0.51974774270836,0.955162168338878,0.943733874078314,0.955162168338878,0.95505221748438,0.966278714442529,0.955162168338878,0.965710548926795,0.966278714442529,0.977578547037593,NA,NA,NA,NA,NA,NA,NA,NA,NA,NA,NA,NA,NA,NA,NA,NA,NA,NA,NA,NA,NA,NA,NA,NA
0.614545805177245,0.946984086516663,0.933304953642453,0.946984086516663,0.933304953642453,0.946984086516663,0.933304953642453,0.946984086516663,0.933304953642453,0.946984086516663,NA,NA,NA,NA,NA,NA,NA,NA,NA,NA,NA,NA,NA,NA,NA,NA,NA,NA,NA,NA,NA,NA,NA,NA
0.184222068851571,0.953890048222395,0.946281581832062,0.946281581832062,0.946281581832062,0.946281581832062,0.953890048222395,0.953890048222395,0.953890048222395,0.953890048222395,NA,NA,NA,NA,NA,NA,NA,NA,NA,NA,NA,NA,NA,NA,NA,NA,NA,NA,NA,NA,NA,NA,NA,NA
0.276033676455522,0.930910017514708,0.931621800827162,0.911868734805816,0.936077224840925,0.916096688460077,0.911868734805816,0.926981656278419,0.916096688460077,0.930910017514708,NA,NA,NA,NA,NA,NA,NA,NA,NA,NA,NA,NA,NA,NA,NA,NA,NA,NA,NA,NA,NA,NA,NA,NA
0.189979000099839,0.952449114332663,0.950083042542053,0.952449114332663,0.950083042542053,0.952449114332663,0.950083042542053,0.952449114332663,0.950083042542053,0.952449114332663,NA,NA,NA,NA,NA,NA,NA,NA,NA,NA,NA,NA,NA,NA,NA,NA,NA,NA,NA,NA,NA,NA,NA,NA
0.458810629690903,0.933141602055682,0.933141602055682,0.933141602055682,0.933141602055682,0.933141602055682,0.936192112616409,0.936192112616409,0.936192112616409,0.936192112616409,NA,NA,NA,NA,NA,NA,NA,NA,NA,NA,NA,NA,NA,NA,NA,NA,NA,NA,NA,NA,NA,NA,NA,NA
0.394697655932107,0.942484216275075,0.946447377410015,0.9387802220921,0.950360062327713,0.942484216275075,0.9387802220921,0.941083394790602,0.942484216275075,0.944553828704859,NA,NA,NA,NA,NA,NA,NA,NA,NA,NA,NA,NA,NA,NA,NA,NA,NA,NA,NA,NA,NA,NA,NA,NA
0.397683863268025,0.942049062803275,0.936802378463348,0.942049062803275,0.936802378463348,0.942049062803275,0.936802378463348,0.942049062803275,0.936802378463348,0.942049062803275,NA,NA,NA,NA,NA,NA,NA,NA,NA,NA,NA,NA,NA,NA,NA,NA,NA,NA,NA,NA,NA,NA,NA,NA
0.535649653216319,0.921534031241203,0.921534031241203,0.921534031241203,0.921534031241203,0.921534031241203,0.924199171291302,0.924199171291302,0.924199171291302,0.924199171291302,NA,NA,NA,NA,NA,NA,NA,NA,NA,NA,NA,NA,NA,NA,NA,NA,NA,NA,NA,NA,NA,NA,NA,NA
0.502229407153305,0.926429678923874,0.91667494208982,0.915651779694512,0.927724290138315,0.926429678923874,0.915651779694512,0.912738897628201,0.926429678923874,0.923298274214126,NA,NA,NA,NA,NA,NA,NA,NA,NA,NA,NA,NA,NA,NA,NA,NA,NA,NA,NA,NA,NA,NA,NA,NA
0.543981621821299,0.920313502142879,0.916944450532308,0.920313502142879,0.916944450532308,0.920313502142879,0.916944450532308,0.920313502142879,0.916944450532308,0.920313502142879,NA,NA,NA,NA,NA,NA,NA,NA,NA,NA,NA,NA,NA,NA,NA,NA,NA,NA,NA,NA,NA,NA,NA,NA
0.156863607406876,0.976774284577044,0.972902345256504,0.972902345256504,0.972902345256504,0.972902345256504,0.976774284577044,0.976774284577044,0.976774284577044,0.976774284577044,NA,NA,NA,NA,NA,NA,NA,NA,NA,NA,NA,NA,NA,NA,NA,NA,NA,NA,NA,NA,NA,NA,NA,NA
0.186872787058699,0.972331031752559,0.970510882929656,0.968927834503296,0.973666096875196,0.972331031752559,0.968927834503296,0.966015077427185,0.972331031752559,0.969565811585768,NA,NA,NA,NA,NA,NA,NA,NA,NA,NA,NA,NA,NA,NA,NA,NA,NA,NA,NA,NA,NA,NA,NA,NA
0.453687934573407,0.932825548045068,0.932825548045068,0.942378212731052,0.932825548045068,0.942378212731052,0.932825548045068,0.942378212731052,0.932825548045068,0.942378212731052,NA,NA,NA,NA,NA,NA,NA,NA,NA,NA,NA,NA,NA,NA,NA,NA,NA,NA,NA,NA,NA,NA,NA,NA
0.171954997158418,0.956489549275768,0.943981546184997,0.943981546184997,0.943981546184997,0.943981546184997,0.956489549275768,0.956489549275768,0.956489549275768,0.956489549275768,NA,NA,NA,NA,NA,NA,NA,NA,NA,NA,NA,NA,NA,NA,NA,NA,NA,NA,NA,NA,NA,NA,NA,NA
0.1628400366109,0.958795943671453,0.923228913110545,0.936610125089748,0.935295775463874,0.947156552705759,0.936610125089748,0.947108884034755,0.947156552705759,0.958795943671453,NA,NA,NA,NA,NA,NA,NA,NA,NA,NA,NA,NA,NA,NA,NA,NA,NA,NA,NA,NA,NA,NA,NA,NA
0.124384111696563,0.96852659793385,0.956427033216497,0.96852659793385,0.956427033216497,0.96852659793385,0.956427033216497,0.96852659793385,0.956427033216497,0.96852659793385,NA,NA,NA,NA,NA,NA,NA,NA,NA,NA,NA,NA,NA,NA,NA,NA,NA,NA,NA,NA,NA,NA,NA,NA
0.324348521169778,0.952883574363356,0.94072099857064,0.94072099857064,0.94072099857064,0.94072099857064,0.952883574363356,0.952883574363356,0.952883574363356,0.952883574363356,NA,NA,NA,NA,NA,NA,NA,NA,NA,NA,NA,NA,NA,NA,NA,NA,NA,NA,NA,NA,NA,NA,NA,NA
0.415045688051277,0.939708467834692,0.943852716926786,0.943275646855627,0.946930939454251,0.946334806741788,0.943275646855627,0.939708467834692,0.946334806741788,0.942433068581978,NA,NA,NA,NA,NA,NA,NA,NA,NA,NA,NA,NA,NA,NA,NA,NA,NA,NA,NA,NA,NA,NA,NA,NA
0.417329248591393,0.939376746851389,0.935602935682001,0.939376746851389,0.935602935682001,0.939376746851389,0.935602935682001,0.939376746851389,0.935602935682001,0.939376746851389,NA,NA,NA,NA,NA,NA,NA,NA,NA,NA,NA,NA,NA,NA,NA,NA,NA,NA,NA,NA,NA,NA,NA,NA
0.643812293620937,0.901934752348223,0.893591275866648,0.893591275866648,0.893591275866648,0.893591275866648,0.901934752348223,0.901934752348223,0.901934752348223,0.901934752348223,NA,NA,NA,NA,NA,NA,NA,NA,NA,NA,NA,NA,NA,NA,NA,NA,NA,NA,NA,NA,NA,NA,NA,NA
0.418744850867059,0.936216941008955,0.940550557948971,0.938565586076272,0.936768810954935,0.935107299686672,0.938565586076272,0.936216941008955,0.935107299686672,0.932772646517567,NA,NA,NA,NA,NA,NA,NA,NA,NA,NA,NA,NA,NA,NA,NA,NA,NA,NA,NA,NA,NA,NA,NA,NA
0.762960698280977,0.88378611193537,0.882050261826815,0.88378611193537,0.882050261826815,0.88378611193537,0.882050261826815,0.88378611193537,0.882050261826815,0.88378611193537,NA,NA,NA,NA,NA,NA,NA,NA,NA,NA,NA,NA,NA,NA,NA,NA,NA,NA,NA,NA,NA,NA,NA,NA
0.372425716846889,0.944032220238155,0.944032220238155,0.944032220238155,0.944032220238155,0.944032220238155,0.955877481068786,0.955877481068786,0.955877481068786,0.955877481068786,NA,NA,NA,NA,NA,NA,NA,NA,NA,NA,NA,NA,NA,NA,NA,NA,NA,NA,NA,NA,NA,NA,NA,NA
0.291465320452799,0.95619887100862,0.932718580442692,0.945429963110209,0.944865001639458,0.95619887100862,0.945429963110209,0.955536462700154,0.95619887100862,0.967321030412076,NA,NA,NA,NA,NA,NA,NA,NA,NA,NA,NA,NA,NA,NA,NA,NA,NA,NA,NA,NA,NA,NA,NA,NA
-0.294720989849097,0.944290364025875,0.933467701033836,0.944290364025875,0.933467701033836,0.944290364025875,0.933467701033836,0.944290364025875,0.933467701033836,0.944290364025875,NA,NA,NA,NA,NA,NA,NA,NA,NA,NA,NA,NA,NA,NA,NA,NA,NA,NA,NA,NA,NA,NA,NA,NA
0.318698203068668,0.952860241075106,0.949201586557048,0.949201586557048,0.949201586557048,0.949201586557048,0.952860241075106,0.952860241075106,0.952860241075106,0.952860241075106,NA,NA,NA,NA,NA,NA,NA,NA,NA,NA,NA,NA,NA,NA,NA,NA,NA,NA,NA,NA,NA,NA,NA,NA
-0.290555318769577,0.942977023249281,0.940846558198453,0.938970684732238,0.944825425789471,0.942977023249281,0.938970684732238,0.936206580563477,0.942977023249281,0.939936803158625,NA,NA,NA,NA,NA,NA,NA,NA,NA,NA,NA,NA,NA,NA,NA,NA,NA,NA,NA,NA,NA,NA,NA,NA
-0.173933817378097,0.925727131633579,0.925727131633579,0.930217808348292,0.925727131633579,0.930217808348292,0.925727131633579,0.930217808348292,0.925727131633579,0.930217808348292,NA,NA,NA,NA,NA,NA,NA,NA,NA,NA,NA,NA,NA,NA,NA,NA,NA,NA,NA,NA,NA,NA,NA,NA
0.538466638607867,0.953666384205928,0.953666384205928,0.953666384205928,0.953666384205928,0.953666384205928,0.958028863450091,0.958028863450091,0.958028863450091,0.958028863450091,NA,NA,NA,NA,NA,NA,NA,NA,NA,NA,NA,NA,NA,NA,NA,NA,NA,NA,NA,NA,NA,NA,NA,NA
0.486825053176367,0.958110004677134,0.960707983860956,0.958110004677134,0.964430017437317,0.962109526901191,0.958110004677134,0.956226241567114,0.962109526901191,0.960440956919031,NA,NA,NA,NA,NA,NA,NA,NA,NA,NA,NA,NA,NA,NA,NA,NA,NA,NA,NA,NA,NA,NA,NA,NA
0.555408043622794,0.952208621561611,0.951407183342311,0.952208621561611,0.951407183342311,0.952208621561611,0.951407183342311,0.952208621561611,0.951407183342311,0.952208621561611,NA,NA,NA,NA,NA,NA,NA,NA,NA,NA,NA,NA,NA,NA,NA,NA,NA,NA,NA,NA,NA,NA,NA,NA
0.16117113838034,0.958679256251151,0.946816181597901,0.946816181597901,0.946816181597901,0.946816181597901,0.958679256251151,0.958679256251151,0.958679256251151,0.958679256251151,NA,NA,NA,NA,NA,NA,NA,NA,NA,NA,NA,NA,NA,NA,NA,NA,NA,NA,NA,NA,NA,NA,NA,NA
0.160862632400421,0.958758350415711,0.929444632326326,0.936486391746167,0.943325809924413,0.947585008581074,0.936486391746167,0.94731001344364,0.947585008581074,0.958758350415711,NA,NA,NA,NA,NA,NA,NA,NA,NA,NA,NA,NA,NA,NA,NA,NA,NA,NA,NA,NA,NA,NA,NA,NA
0.160862632400421,0.958758350415711,0.94731001344364,0.958758350415711,0.94731001344364,0.958758350415711,0.94731001344364,0.958758350415711,0.94731001344364,0.958758350415711,NA,NA,NA,NA,NA,NA,NA,NA,NA,NA,NA,NA,NA,NA,NA,NA,NA,NA,NA,NA,NA,NA,NA,NA
-1.018085166795,0.949702709942497,0.945926511497087,0.945926511497087,0.945926511497087,0.945926511497087,0.949702709942497,0.949702709942497,0.949702709942497,0.949702709942497,NA,NA,NA,NA,NA,NA,NA,NA,NA,NA,NA,NA,NA,NA,NA,NA,NA,NA,NA,NA,NA,NA,NA,NA
-0.815525158404311,0.919917598876771,0.926125364613417,0.922860342855344,0.931830703555921,0.928447746896369,0.922860342855344,0.919917598876771,0.928447746896369,0.925166743778579,NA,NA,NA,NA,NA,NA,NA,NA,NA,NA,NA,NA,NA,NA,NA,NA,NA,NA,NA,NA,NA,NA,NA,NA
0.459697204614554,0.932404562949861,0.929650421756348,0.932404562949861,0.929650421756348,0.932404562949861,0.929650421756348,0.932404562949861,0.929650421756348,0.932404562949861,NA,NA,NA,NA,NA,NA,NA,NA,NA,NA,NA,NA,NA,NA,NA,NA,NA,NA,NA,NA,NA,NA,NA,NA
0.479749995074105,0.879102051522899,0.878829019700362,0.878829019700362,0.878829019700362,0.878829019700362,0.879102051522899,0.879102051522899,0.879102051522899,0.879102051522899,NA,NA,NA,NA,NA,NA,NA,NA,NA,NA,NA,NA,NA,NA,NA,NA,NA,NA,NA,NA,NA,NA,NA,NA
0.467715713329036,0.882134714345854,0.877488734978179,0.884065491886284,0.887020879496639,0.89361803121149,0.884065491886284,0.872551914749758,0.89361803121149,0.882134714345854,NA,NA,NA,NA,NA,NA,NA,NA,NA,NA,NA,NA,NA,NA,NA,NA,NA,NA,NA,NA,NA,NA,NA,NA
0.414016744616725,0.895666960764432,0.892068481309716,0.895666960764432,0.892068481309716,0.895666960764432,0.892068481309716,0.895666960764432,0.892068481309716,0.895666960764432,NA,NA,NA,NA,NA,NA,NA,NA,NA,NA,NA,NA,NA,NA,NA,NA,NA,NA,NA,NA,NA,NA,NA,NA
0.502360914453866,0.954956455409975,0.954956455409975,0.954956455409975,0.954956455409975,0.954956455409975,0.965685279335829,0.965685279335829,0.965685279335829,0.965685279335829,NA,NA,NA,NA,NA,NA,NA,NA,NA,NA,NA,NA,NA,NA,NA,NA,NA,NA,NA,NA,NA,NA,NA,NA
-0.642466736152842,0.957605928860432,0.94695354155276,0.957605928860432,0.95895733337478,0.967730759266867,0.957605928860432,0.968413738595844,0.967730759266867,0.979836030851348,NA,NA,NA,NA,NA,NA,NA,NA,NA,NA,NA,NA,NA,NA,NA,NA,NA,NA,NA,NA,NA,NA,NA,NA
0.361344209859399,0.967600536664275,0.958894152021992,0.967600536664275,0.958894152021992,0.967600536664275,0.958894152021992,0.967600536664275,0.958894152021992,0.967600536664275,NA,NA,NA,NA,NA,NA,NA,NA,NA,NA,NA,NA,NA,NA,NA,NA,NA,NA,NA,NA,NA,NA,NA,NA
0.326043382001133,0.950972285615483,0.939979918530135,0.939979918530135,0.939979918530135,0.939979918530135,0.950972285615483,0.950972285615483,0.950972285615483,0.950972285615483,NA,NA,NA,NA,NA,NA,NA,NA,NA,NA,NA,NA,NA,NA,NA,NA,NA,NA,NA,NA,NA,NA,NA,NA
0.207729349857777,0.968763373844303,0.946972779904533,0.957866080914671,0.960338884746633,0.968314161361025,0.957866080914671,0.968763373844303,0.968314161361025,0.98084068383974,NA,NA,NA,NA,NA,NA,NA,NA,NA,NA,NA,NA,NA,NA,NA,NA,NA,NA,NA,NA,NA,NA,NA,NA
0.289031109209644,0.956537885898505,0.945404396945629,0.956537885898505,0.945404396945629,0.956537885898505,0.945404396945629,0.956537885898505,0.945404396945629,0.956537885898505,NA,NA,NA,NA,NA,NA,NA,NA,NA,NA,NA,NA,NA,NA,NA,NA,NA,NA,NA,NA,NA,NA,NA,NA
-0.297715556174698,0.944036118850926,0.940730590039879,0.940730590039879,0.940730590039879,0.940730590039879,0.944036118850926,0.944036118850926,0.944036118850926,0.944036118850926,NA,NA,NA,NA,NA,NA,NA,NA,NA,NA,NA,NA,NA,NA,NA,NA,NA,NA,NA,NA,NA,NA,NA,NA
0.538698657020898,0.920319209268784,0.925058055748215,0.923375991480828,0.934289181810625,0.932392565726083,0.923375991480828,0.920319209268784,0.932392565726083,0.929041214332626,NA,NA,NA,NA,NA,NA,NA,NA,NA,NA,NA,NA,NA,NA,NA,NA,NA,NA,NA,NA,NA,NA,NA,NA
0.329802104375993,0.951217824438574,0.948285913187564,0.951217824438574,0.948285913187564,0.951217824438574,0.948285913187564,0.951217824438574,0.948285913187564,0.951217824438574,NA,NA,NA,NA,NA,NA,NA,NA,NA,NA,NA,NA,NA,NA,NA,NA,NA,NA,NA,NA,NA,NA,NA,NA
0.170654389203627,0.956002557268885,0.950710102715357,0.950710102715357,0.950710102715357,0.950710102715357,0.956002557268885,0.956002557268885,0.956002557268885,0.956002557268885,NA,NA,NA,NA,NA,NA,NA,NA,NA,NA,NA,NA,NA,NA,NA,NA,NA,NA,NA,NA,NA,NA,NA,NA
0.282861806090744,0.927073682825424,0.923424399630644,0.922099505064707,0.931361929456242,0.930087044111907,0.922099505064707,0.919143872242883,0.930087044111907,0.927073682825424,NA,NA,NA,NA,NA,NA,NA,NA,NA,NA,NA,NA,NA,NA,NA,NA,NA,NA,NA,NA,NA,NA,NA,NA
0.238907704454751,0.938405756254955,0.937074896379174,0.938405756254955,0.937074896379174,0.938405756254955,0.937074896379174,0.938405756254955,0.937074896379174,0.938405756254955,NA,NA,NA,NA,NA,NA,NA,NA,NA,NA,NA,NA,NA,NA,NA,NA,NA,NA,NA,NA,NA,NA,NA,NA
0.159437787284148,0.959811916468851,0.949650491281602,0.949650491281602,0.949650491281602,0.949650491281602,0.959811916468851,0.959811916468851,0.959811916468851,0.959811916468851,NA,NA,NA,NA,NA,NA,NA,NA,NA,NA,NA,NA,NA,NA,NA,NA,NA,NA,NA,NA,NA,NA,NA,NA
0.179815302700537,0.954675535027157,0.924570723434779,0.934119244313224,0.940236608884298,0.942843689881733,0.934119244313224,0.942963431743025,0.942843689881733,0.954675535027157,NA,NA,NA,NA,NA,NA,NA,NA,NA,NA,NA,NA,NA,NA,NA,NA,NA,NA,NA,NA,NA,NA,NA,NA
0.164016606790585,0.958657773627727,0.948158584483104,0.958657773627727,0.948158584483104,0.958657773627727,0.948158584483104,0.958657773627727,0.948158584483104,0.958657773627727,NA,NA,NA,NA,NA,NA,NA,NA,NA,NA,NA,NA,NA,NA,NA,NA,NA,NA,NA,NA,NA,NA,NA,NA
0.758913638582656,0.93382520337416,0.92573234123218,0.92573234123218,0.92573234123218,0.92573234123218,0.93382520337416,0.93382520337416,0.93382520337416,0.93382520337416,NA,NA,NA,NA,NA,NA,NA,NA,NA,NA,NA,NA,NA,NA,NA,NA,NA,NA,NA,NA,NA,NA,NA,NA
0.771551884425649,0.93272318951402,0.934819032270933,0.93272318951402,0.935203118840367,0.932813942615292,0.93272318951402,0.929391459838991,0.932813942615292,0.929084480111996,NA,NA,NA,NA,NA,NA,NA,NA,NA,NA,NA,NA,NA,NA,NA,NA,NA,NA,NA,NA,NA,NA,NA,NA
0.84970811955619,0.925908220455796,0.925908220455796,0.929839720194798,0.925908220455796,0.929839720194798,0.925908220455796,0.929839720194798,0.925908220455796,0.929839720194798,NA,NA,NA,NA,NA,NA,NA,NA,NA,NA,NA,NA,NA,NA,NA,NA,NA,NA,NA,NA,NA,NA,NA,NA
0.43724103098032,0.936366969698326,0.936366969698326,0.936366969698326,0.936366969698326,0.936366969698326,0.939935112668977,0.939935112668977,0.939935112668977,0.939935112668977,NA,NA,NA,NA,NA,NA,NA,NA,NA,NA,NA,NA,NA,NA,NA,NA,NA,NA,NA,NA,NA,NA,NA,NA
0.417445517455225,0.939247871587052,0.937589730105459,0.936136685185621,0.94066460455749,0.939247871587052,0.936136685185621,0.933268200149552,0.939247871587052,0.936193544015665,NA,NA,NA,NA,NA,NA,NA,NA,NA,NA,NA,NA,NA,NA,NA,NA,NA,NA,NA,NA,NA,NA,NA,NA
0.357159585848795,0.94802146839263,0.941645835213771,0.94802146839263,0.941645835213771,0.94802146839263,0.941645835213771,0.94802146839263,0.941645835213771,0.94802146839263,NA,NA,NA,NA,NA,NA,NA,NA,NA,NA,NA,NA,NA,NA,NA,NA,NA,NA,NA,NA,NA,NA,NA,NA
0.487523275960625,0.959998170206303,0.959998170206303,0.959998170206303,0.959998170206303,0.959998170206303,0.971803352356751,0.971803352356751,0.971803352356751,0.971803352356751,NA,NA,NA,NA,NA,NA,NA,NA,NA,NA,NA,NA,NA,NA,NA,NA,NA,NA,NA,NA,NA,NA,NA,NA
0.507562667530525,0.958353915726004,0.948654224807241,0.960434255377857,0.958353915726004,0.972659662579823,0.960434255377857,0.971180250244416,0.972659662579823,0.982853053166337,NA,NA,NA,NA,NA,NA,NA,NA,NA,NA,NA,NA,NA,NA,NA,NA,NA,NA,NA,NA,NA,NA,NA,NA
-0.668976598705821,0.954890253929326,0.954890253929326,0.966352404479031,0.954890253929326,0.966352404479031,0.954890253929326,0.966352404479031,0.954890253929326,0.966352404479031,NA,NA,NA,NA,NA,NA,NA,NA,NA,NA,NA,NA,NA,NA,NA,NA,NA,NA,NA,NA,NA,NA,NA,NA
2.07111737818474,0.898123110926617,0.898123110926617,0.898123110926617,0.898123110926617,0.898123110926617,0.902646521553572,0.902646521553572,0.902646521553572,0.902646521553572,NA,NA,NA,NA,NA,NA,NA,NA,NA,NA,NA,NA,NA,NA,NA,NA,NA,NA,NA,NA,NA,NA,NA,NA
1.6911907443595,0.916811449858021,0.916811449858021,0.915353209653885,0.920703357962859,0.919265092100374,0.915353209653885,0.912521736743303,0.919265092100374,0.916177777773368,NA,NA,NA,NA,NA,NA,NA,NA,NA,NA,NA,NA,NA,NA,NA,NA,NA,NA,NA,NA,NA,NA,NA,NA
1.70978462097344,0.915896829409564,0.915896829409564,0.922791861315301,0.915896829409564,0.922791861315301,0.915896829409564,0.922791861315301,0.915896829409564,0.922791861315301,NA,NA,NA,NA,NA,NA,NA,NA,NA,NA,NA,NA,NA,NA,NA,NA,NA,NA,NA,NA,NA,NA,NA,NA
-0.314427953660641,0.92598501952761,0.92598501952761,0.92598501952761,0.92598501952761,0.92598501952761,0.933973408718937,0.933973408718937,0.933973408718937,0.933973408718937,NA,NA,NA,NA,NA,NA,NA,NA,NA,NA,NA,NA,NA,NA,NA,NA,NA,NA,NA,NA,NA,NA,NA,NA
-0.372937597755421,0.930820389988901,0.932253508978097,0.930820389988901,0.936105511724957,0.934672112419116,0.930820389988901,0.928000973987851,0.934672112419116,0.931630583422039,NA,NA,NA,NA,NA,NA,NA,NA,NA,NA,NA,NA,NA,NA,NA,NA,NA,NA,NA,NA,NA,NA,NA,NA
0.71430734342194,0.940968011648285,0.937113659851637,0.940968011648285,0.937113659851637,0.940968011648285,0.937113659851637,0.940968011648285,0.937113659851637,0.940968011648285,NA,NA,NA,NA,NA,NA,NA,NA,NA,NA,NA,NA,NA,NA,NA,NA,NA,NA,NA,NA,NA,NA,NA,NA
0.523637013442118,0.955435866435675,0.955435866435675,0.955435866435675,0.955435866435675,0.955435866435675,0.966723741989743,0.966723741989743,0.966723741989743,0.966723741989743,NA,NA,NA,NA,NA,NA,NA,NA,NA,NA,NA,NA,NA,NA,NA,NA,NA,NA,NA,NA,NA,NA,NA,NA
0.600082088448519,0.948930007519159,0.938758313952676,0.947327295709231,0.948930007519159,0.95913726306081,0.947327295709231,0.958553478846713,0.95913726306081,0.970428620141439,NA,NA,NA,NA,NA,NA,NA,NA,NA,NA,NA,NA,NA,NA,NA,NA,NA,NA,NA,NA,NA,NA,NA,NA
0.618914255898778,0.947327295709231,0.947327295709231,0.95913726306081,0.947327295709231,0.95913726306081,0.947327295709231,0.95913726306081,0.947327295709231,0.95913726306081,NA,NA,NA,NA,NA,NA,NA,NA,NA,NA,NA,NA,NA,NA,NA,NA,NA,NA,NA,NA,NA,NA,NA,NA
